Mono path[0] = 'C:/Games/Nuclear.Option.v0.33.4/game/NuclearOption_Data/Managed'
Mono config path = 'C:/Games/Nuclear.Option.v0.33.4/game/MonoBleedingEdge/etc'
Fallback handler could not load library C:/Games/Nuclear.Option.v0.33.4/game/NuclearOption_Data/MonoBleedingEdge/data-0000016611800E60.dll
Fallback handler could not load library C:/Games/Nuclear.Option.v0.33.4/game/NuclearOption_Data/MonoBleedingEdge/data-0000016617967040.dll
Input System module state changed to: Initialized.
[PhysX] Initialized MultithreadedTaskDispatcher with 20 workers.
Initialize engine version: 2022.3.62f2 (7670c08855a9)
[Subsystems] Discovering subsystems at path C:/Games/Nuclear.Option.v0.33.4/game/NuclearOption_Data/UnitySubsystems
Forcing GfxDevice: Direct3D 11
GfxDevice: creating device client; threaded=0; jobified=0
Direct3D:
    Version:  Direct3D 11.0 [level 11.1]
    Renderer: Microsoft Basic Render Driver (ID=0x8c)
    Vendor:   Microsoft
    VRAM:     16231 MB
Begin MonoManager ReloadAssembly
- Loaded All Assemblies, in  0.047 seconds
- Finished resetting the current domain, in  0.001 seconds
Dedicated video D3D11 device creation failed (error: 0x887a0004). This device is used specifically for video decoding, we will use software video decoding instead.
[Message:   BepInEx] BepInEx 5.4.23.5 - NuclearOption (6/12/2026 12:44:34 AM)
[Info   :   BepInEx] Running under Unity v2022.3.62.7762112
[Info   :   BepInEx] CLR runtime version: 4.0.30319.42000
[Info   :   BepInEx] Supports SRE: True
[Info   :   BepInEx] System platform: Bits64, Windows
[Message:   BepInEx] Preloader started
[Info   :   BepInEx] Loaded 1 patcher method from [BepInEx.Preloader 5.4.23.5]
[Info   :   BepInEx] 1 patcher plugin loaded
[Info   :   BepInEx] Patching [UnityEngine.CoreModule] with [BepInEx.Chainloader]
[Message:   BepInEx] Preloader finished
Fallback handler could not load library C:/Games/Nuclear.Option.v0.33.4/game/NuclearOption_Data/MonoBleedingEdge/data-000001665BA77090.dll
[PhysX] Initialized MultithreadedTaskDispatcher with 20 workers.
UnloadTime: 45.134600 ms
[MainMenu] RuntimeInitializeOnLoadMethod
Command Line Args: 11
  C:\Games\Nuclear.Option.v0.33.4\game\NuclearOption.exe
  -batchmode
  -force-d3d11
  -force-driver-type-warp
  -amd-smoke
  -screen-width
  960
  -screen-height
  540
  -logFile
  ModSource/AutoMissileDefense/evidence/player-warp.log
Nuclear Option 0.33.4 Starting at 9/28/2026 4:10:00 PM UTC
0.000: [QualityLevels] BeforeInit QualityLevel:High, LOD:2
0.000: [QualityLevels] QualityLevel:High, LOD:2
Setting Job worker Count to 8
0.000: [Resolution] Supported Resolutions, count=14
0.000: [Resolution]  - 1280x720
0.000: [Resolution]  - 1280x768
0.000: [Resolution]  - 1280x800
0.000: [Resolution]  - 1360x768
0.000: [Resolution]  - 1366x768
0.000: [Resolution]  - 1440x900
0.000: [Resolution]  - 1600x900
0.000: [Resolution]  - 1680x1050
0.000: [Resolution]  - 1920x1080
0.000: [Resolution]  - 1920x1200
0.000: [Resolution]  - 2048x1152
0.000: [Resolution]  - 2560x1440
0.000: [Resolution]  - 2560x1600
0.000: [Resolution]  - 3840x2160
0.000: [SteamManager] [SideThread] Running CheckIdFile
0.000: [SteamManager] [SideThread] File exists
d3d11: failed to create 2D texture shader resource view id=409 [D3D error was 8007000e]
d3d11: failed to create 2D texture shader resource view id=410 [D3D error was 8007000e]
d3d11: failed to create 2D texture id=414 width=2048 height=1024 mips=12 dxgifmt=77 [D3D error was 8007000e]
d3d11: failed to create 2D texture shader resource view id=412 [D3D error was 8007000e]
d3d11: failed to create 2D texture shader resource view id=413 [D3D error was 8007000e]
d3d11: failed to create 2D texture shader resource view id=414 [D3D error was 80070057]
d3d11: failed to create 2D texture id=418 width=2048 height=2048 mips=12 dxgifmt=77 [D3D error was 8007000e]
d3d11: failed to create 2D texture shader resource view id=417 [D3D error was 8007000e]
d3d11: failed to create 2D texture shader resource view id=418 [D3D error was 80070057]
d3d11: failed to create 2D texture shader resource view id=421 [D3D error was 8007000e]
d3d11: failed to create 2D texture shader resource view id=423 [D3D error was 8007000e]
d3d11: failed to create 2D texture shader resource view id=425 [D3D error was 8007000e]
d3d11: failed to create 2D texture id=431 width=512 height=512 mips=10 dxgifmt=77 [D3D error was 8007000e]
d3d11: failed to create 2D texture shader resource view id=426 [D3D error was 8007000e]
d3d11: failed to create 2D texture id=432 width=1024 height=1024 mips=11 dxgifmt=78 [D3D error was 8007000e]
d3d11: failed to create 2D texture shader resource view id=427 [D3D error was 8007000e]
d3d11: failed to create 2D texture shader resource view id=429 [D3D error was 8007000e]
d3d11: failed to create 2D texture shader resource view id=431 [D3D error was 80070057]
d3d11: failed to create 2D texture shader resource view id=432 [D3D error was 80070057]
d3d11: failed to create 2D texture shader resource view id=433 [D3D error was 8007000e]
d3d11: failed to create 2D texture id=435 width=2048 height=1024 mips=12 dxgifmt=78 [D3D error was 8007000e]
d3d11: failed to create 2D texture shader resource view id=435 [D3D error was 80070057]
d3d11: failed to create 2D texture id=436 width=2048 height=2048 mips=12 dxgifmt=78 [D3D error was 8007000e]
d3d11: failed to create 2D texture shader resource view id=436 [D3D error was 80070057]
d3d11: failed to create 2D texture id=439 width=1024 height=1024 mips=11 dxgifmt=72 [D3D error was 8007000e]
d3d11: failed to create 2D texture shader resource view id=438 [D3D error was 8007000e]
d3d11: failed to create 2D texture shader resource view id=439 [D3D error was 80070057]
d3d11: failed to create 2D texture id=440 width=512 height=512 mips=10 dxgifmt=78 [D3D error was 8007000e]
d3d11: failed to create 2D texture shader resource view id=440 [D3D error was 80070057]
d3d11: failed to create 2D texture shader resource view id=441 [D3D error was 8007000e]
d3d11: failed to create 2D texture id=443 width=1024 height=1024 mips=11 dxgifmt=71 [D3D error was 8007000e]
d3d11: failed to create 2D texture shader resource view id=442 [D3D error was 8007000e]
d3d11: failed to create 2D texture shader resource view id=443 [D3D error was 80070057]
d3d11: failed to create 2D texture id=445 width=256 height=512 mips=10 dxgifmt=77 [D3D error was 8007000e]
d3d11: failed to create 2D texture shader resource view id=444 [D3D error was 8007000e]
d3d11: failed to create 2D texture shader resource view id=445 [D3D error was 80070057]
d3d11: failed to create 2D texture id=446 width=2048 height=2048 mips=12 dxgifmt=77 [D3D error was 8007000e]
d3d11: failed to create 2D texture shader resource view id=446 [D3D error was 80070057]
d3d11: failed to create 2D texture id=447 width=512 height=1024 mips=11 dxgifmt=72 [D3D error was 8007000e]
d3d11: failed to create 2D texture shader resource view id=447 [D3D error was 80070057]
d3d11: failed to create 2D texture id=448 width=2048 height=2048 mips=12 dxgifmt=77 [D3D error was 8007000e]
d3d11: failed to create 2D texture shader resource view id=448 [D3D error was 80070057]
d3d11: failed to create 2D texture id=449 width=1024 height=1024 mips=11 dxgifmt=72 [D3D error was 8007000e]
d3d11: failed to create 2D texture shader resource view id=449 [D3D error was 80070057]
d3d11: failed to create 2D texture id=451 width=2048 height=2048 mips=12 dxgifmt=77 [D3D error was 8007000e]
d3d11: failed to create 2D texture shader resource view id=451 [D3D error was 80070057]
d3d11: failed to create 2D texture id=453 width=512 height=256 mips=10 dxgifmt=72 [D3D error was 8007000e]
d3d11: failed to create 2D texture shader resource view id=452 [D3D error was 8007000e]
d3d11: failed to create 2D texture shader resource view id=453 [D3D error was 80070057]
d3d11: failed to create 2D texture id=454 width=512 height=512 mips=10 dxgifmt=77 [D3D error was 8007000e]
d3d11: failed to create 2D texture shader resource view id=454 [D3D error was 80070057]
d3d11: failed to create 2D texture id=456 width=1024 height=1024 mips=11 dxgifmt=71 [D3D error was 8007000e]
d3d11: failed to create 2D texture shader resource view id=456 [D3D error was 80070057]
d3d11: failed to create 2D texture id=457 width=1024 height=1024 mips=11 dxgifmt=72 [D3D error was 8007000e]
d3d11: failed to create 2D texture shader resource view id=457 [D3D error was 80070057]
d3d11: failed to create 2D texture id=458 width=512 height=256 mips=10 dxgifmt=72 [D3D error was 8007000e]
d3d11: failed to create 2D texture shader resource view id=458 [D3D error was 80070057]
d3d11: failed to create 2D texture id=459 width=1024 height=1024 mips=11 dxgifmt=77 [D3D error was 8007000e]
d3d11: failed to create 2D texture shader resource view id=459 [D3D error was 80070057]
d3d11: failed to create 2D texture id=460 width=1024 height=1024 mips=11 dxgifmt=72 [D3D error was 8007000e]
d3d11: failed to create 2D texture shader resource view id=460 [D3D error was 80070057]
d3d11: failed to create 2D texture shader resource view id=461 [D3D error was 8007000e]
d3d11: failed to create 2D texture id=462 width=1024 height=1024 mips=11 dxgifmt=71 [D3D error was 8007000e]
d3d11: failed to create 2D texture shader resource view id=462 [D3D error was 80070057]
d3d11: failed to create 2D texture id=465 width=256 height=512 mips=10 dxgifmt=77 [D3D error was 8007000e]
d3d11: failed to create 2D texture shader resource view id=464 [D3D error was 8007000e]
d3d11: failed to create 2D texture shader resource view id=465 [D3D error was 80070057]
d3d11: failed to create 2D texture shader resource view id=467 [D3D error was 8007000e]
d3d11: failed to create 2D texture id=469 width=512 height=512 mips=10 dxgifmt=71 [D3D error was 8007000e]
d3d11: failed to create 2D texture shader resource view id=468 [D3D error was 8007000e]
d3d11: failed to create 2D texture shader resource view id=469 [D3D error was 80070057]
d3d11: failed to create 2D texture shader resource view id=470 [D3D error was 8007000e]
d3d11: failed to create 2D texture shader resource view id=471 [D3D error was 8007000e]
d3d11: failed to create 2D texture shader resource view id=472 [D3D error was 8007000e]
d3d11: failed to create 2D texture id=474 width=1024 height=1024 mips=11 dxgifmt=78 [D3D error was 8007000e]
d3d11: failed to create 2D texture shader resource view id=473 [D3D error was 8007000e]
d3d11: failed to create 2D texture shader resource view id=474 [D3D error was 80070057]
d3d11: failed to create 2D texture id=475 width=1024 height=1024 mips=11 dxgifmt=72 [D3D error was 8007000e]
d3d11: failed to create 2D texture shader resource view id=475 [D3D error was 80070057]
d3d11: failed to create 2D texture id=476 width=512 height=256 mips=10 dxgifmt=72 [D3D error was 8007000e]
d3d11: failed to create 2D texture shader resource view id=476 [D3D error was 80070057]
d3d11: failed to create 2D texture shader resource view id=477 [D3D error was 8007000e]
d3d11: failed to create 2D texture shader resource view id=478 [D3D error was 8007000e]
d3d11: failed to create 2D texture id=480 width=256 height=256 mips=9 dxgifmt=72 [D3D error was 8007000e]
d3d11: failed to create 2D texture shader resource view id=479 [D3D error was 8007000e]
d3d11: failed to create 2D texture shader resource view id=480 [D3D error was 80070057]
d3d11: failed to create 2D texture id=482 width=1024 height=1024 mips=11 dxgifmt=78 [D3D error was 8007000e]
d3d11: failed to create 2D texture shader resource view id=481 [D3D error was 8007000e]
d3d11: failed to create 2D texture shader resource view id=482 [D3D error was 80070057]
d3d11: failed to create 2D texture shader resource view id=483 [D3D error was 8007000e]
d3d11: failed to create 2D texture id=485 width=128 height=128 mips=8 dxgifmt=72 [D3D error was 8007000e]
d3d11: failed to create 2D texture shader resource view id=484 [D3D error was 8007000e]
d3d11: failed to create 2D texture shader resource view id=485 [D3D error was 80070057]
d3d11: failed to create 2D texture id=486 width=512 height=512 mips=10 dxgifmt=78 [D3D error was 8007000e]
d3d11: failed to create 2D texture shader resource view id=486 [D3D error was 80070057]
d3d11: failed to create 2D texture id=487 width=1024 height=1024 mips=11 dxgifmt=78 [D3D error was 8007000e]
d3d11: failed to create 2D texture shader resource view id=487 [D3D error was 80070057]
d3d11: failed to create 2D texture id=488 width=256 height=512 mips=10 dxgifmt=71 [D3D error was 8007000e]
d3d11: failed to create 2D texture shader resource view id=488 [D3D error was 80070057]
d3d11: failed to create 2D texture id=489 width=128 height=128 mips=8 dxgifmt=71 [D3D error was 8007000e]
d3d11: failed to create 2D texture shader resource view id=489 [D3D error was 80070057]
d3d11: failed to create 2D texture id=490 width=256 height=128 mips=1 dxgifmt=78 [D3D error was 8007000e]
d3d11: failed to create 2D texture shader resource view id=490 [D3D error was 80070057]
d3d11: failed to create 2D texture id=492 width=64 height=128 mips=1 dxgifmt=72 [D3D error was 8007000e]
d3d11: failed to create 2D texture shader resource view id=491 [D3D error was 8007000e]
d3d11: failed to create 2D texture shader resource view id=492 [D3D error was 80070057]
d3d11: failed to create 2D texture id=493 width=512 height=256 mips=10 dxgifmt=72 [D3D error was 8007000e]
d3d11: failed to create 2D texture shader resource view id=493 [D3D error was 80070057]
d3d11: failed to create 2D texture id=494 width=1024 height=1024 mips=11 dxgifmt=77 [D3D error was 8007000e]
d3d11: failed to create 2D texture shader resource view id=494 [D3D error was 80070057]
d3d11: failed to create 2D texture id=495 width=2048 height=2048 mips=12 dxgifmt=72 [D3D error was 8007000e]
d3d11: failed to create 2D texture shader resource view id=495 [D3D error was 80070057]
d3d11: failed to create 2D texture id=497 width=2048 height=1024 mips=12 dxgifmt=71 [D3D error was 8007000e]
d3d11: failed to create 2D texture shader resource view id=496 [D3D error was 8007000e]
d3d11: failed to create 2D texture shader resource view id=497 [D3D error was 80070057]
d3d11: failed to create 2D texture id=498 width=2048 height=2048 mips=12 dxgifmt=78 [D3D error was 8007000e]
d3d11: failed to create 2D texture shader resource view id=498 [D3D error was 80070057]
d3d11: failed to create 2D texture id=499 width=512 height=512 mips=10 dxgifmt=77 [D3D error was 8007000e]
d3d11: failed to create 2D texture shader resource view id=499 [D3D error was 80070057]
d3d11: failed to create 2D texture id=500 width=256 height=256 mips=9 dxgifmt=78 [D3D error was 8007000e]
d3d11: failed to create 2D texture shader resource view id=500 [D3D error was 80070057]
d3d11: failed to create 2D texture id=501 width=512 height=512 mips=10 dxgifmt=72 [D3D error was 8007000e]
d3d11: failed to create 2D texture shader resource view id=501 [D3D error was 80070057]
d3d11: failed to create 2D texture id=502 width=2048 height=1024 mips=12 dxgifmt=71 [D3D error was 8007000e]
d3d11: failed to create 2D texture shader resource view id=502 [D3D error was 80070057]
d3d11: failed to create 2D texture id=503 width=128 height=128 mips=1 dxgifmt=72 [D3D error was 8007000e]
d3d11: failed to create 2D texture shader resource view id=503 [D3D error was 80070057]
d3d11: failed to create 2D texture id=504 width=512 height=512 mips=1 dxgifmt=78 [D3D error was 8007000e]
d3d11: failed to create 2D texture shader resource view id=504 [D3D error was 80070057]
d3d11: failed to create 2D texture id=505 width=128 height=128 mips=8 dxgifmt=72 [D3D error was 8007000e]
d3d11: failed to create 2D texture shader resource view id=505 [D3D error was 80070057]
d3d11: failed to create 2D texture id=506 width=2048 height=1024 mips=12 dxgifmt=71 [D3D error was 8007000e]
d3d11: failed to create 2D texture shader resource view id=506 [D3D error was 80070057]
d3d11: failed to create 2D texture id=507 width=1024 height=1024 mips=11 dxgifmt=72 [D3D error was 8007000e]
d3d11: failed to create 2D texture shader resource view id=507 [D3D error was 80070057]
d3d11: failed to create 2D texture id=508 width=512 height=256 mips=10 dxgifmt=72 [D3D error was 8007000e]
d3d11: failed to create 2D texture shader resource view id=508 [D3D error was 80070057]
d3d11: failed to create 2D texture id=509 width=64 height=128 mips=1 dxgifmt=72 [D3D error was 8007000e]
d3d11: failed to create 2D texture shader resource view id=509 [D3D error was 80070057]
d3d11: failed to create 2D texture id=510 width=128 height=64 mips=8 dxgifmt=72 [D3D error was 8007000e]
d3d11: failed to create 2D texture shader resource view id=510 [D3D error was 80070057]
d3d11: failed to create 2D texture id=511 width=128 height=128 mips=1 dxgifmt=72 [D3D error was 8007000e]
d3d11: failed to create 2D texture shader resource view id=511 [D3D error was 80070057]
d3d11: failed to create 2D texture id=512 width=1024 height=1024 mips=11 dxgifmt=78 [D3D error was 8007000e]
d3d11: failed to create 2D texture shader resource view id=512 [D3D error was 80070057]
d3d11: failed to create 2D texture id=513 width=128 height=128 mips=1 dxgifmt=72 [D3D error was 8007000e]
d3d11: failed to create 2D texture shader resource view id=513 [D3D error was 80070057]
d3d11: failed to create 2D texture id=514 width=512 height=1024 mips=11 dxgifmt=78 [D3D error was 8007000e]
d3d11: failed to create 2D texture shader resource view id=514 [D3D error was 80070057]
d3d11: failed to create 2D texture id=515 width=128 height=128 mips=8 dxgifmt=71 [D3D error was 8007000e]
d3d11: failed to create 2D texture shader resource view id=515 [D3D error was 80070057]
d3d11: failed to create 2D texture id=516 width=1024 height=1024 mips=11 dxgifmt=71 [D3D error was 8007000e]
d3d11: failed to create 2D texture shader resource view id=516 [D3D error was 80070057]
d3d11: failed to create 2D texture id=517 width=512 height=256 mips=1 dxgifmt=72 [D3D error was 8007000e]
d3d11: failed to create 2D texture shader resource view id=517 [D3D error was 80070057]
d3d11: failed to create 2D texture id=518 width=512 height=512 mips=1 dxgifmt=78 [D3D error was 8007000e]
d3d11: failed to create 2D texture shader resource view id=518 [D3D error was 80070057]
d3d11: failed to create 2D texture id=519 width=2048 height=2048 mips=12 dxgifmt=72 [D3D error was 8007000e]
d3d11: failed to create 2D texture shader resource view id=519 [D3D error was 80070057]
d3d11: failed to create 2D texture id=520 width=512 height=512 mips=10 dxgifmt=72 [D3D error was 8007000e]
d3d11: failed to create 2D texture shader resource view id=520 [D3D error was 80070057]
d3d11: failed to create 2D texture id=521 width=256 height=256 mips=9 dxgifmt=77 [D3D error was 8007000e]
d3d11: failed to create 2D texture shader resource view id=521 [D3D error was 80070057]
d3d11: failed to create 2D texture id=522 width=512 height=256 mips=10 dxgifmt=72 [D3D error was 8007000e]
d3d11: failed to create 2D texture shader resource view id=522 [D3D error was 80070057]
d3d11: failed to create 2D texture shader resource view id=523 [D3D error was 8007000e]
d3d11: failed to create 2D texture id=524 width=2048 height=2048 mips=12 dxgifmt=78 [D3D error was 8007000e]
d3d11: failed to create 2D texture shader resource view id=524 [D3D error was 80070057]
d3d11: failed to create 2D texture id=525 width=128 height=128 mips=1 dxgifmt=72 [D3D error was 8007000e]
d3d11: failed to create 2D texture shader resource view id=525 [D3D error was 80070057]
d3d11: failed to create 2D texture id=526 width=512 height=256 mips=1 dxgifmt=72 [D3D error was 8007000e]
d3d11: failed to create 2D texture shader resource view id=526 [D3D error was 80070057]
d3d11: failed to create 2D texture id=527 width=512 height=512 mips=1 dxgifmt=78 [D3D error was 8007000e]
d3d11: failed to create 2D texture shader resource view id=527 [D3D error was 80070057]
d3d11: failed to create 2D texture id=528 width=512 height=512 mips=10 dxgifmt=72 [D3D error was 8007000e]
d3d11: failed to create 2D texture shader resource view id=528 [D3D error was 80070057]
d3d11: failed to create 2D texture id=529 width=1024 height=1024 mips=11 dxgifmt=72 [D3D error was 8007000e]
d3d11: failed to create 2D texture shader resource view id=529 [D3D error was 80070057]
d3d11: failed to create 2D texture id=530 width=512 height=512 mips=10 dxgifmt=78 [D3D error was 8007000e]
d3d11: failed to create 2D texture shader resource view id=530 [D3D error was 80070057]
d3d11: failed to create 2D texture id=531 width=512 height=1024 mips=11 dxgifmt=77 [D3D error was 8007000e]
d3d11: failed to create 2D texture shader resource view id=531 [D3D error was 80070057]
d3d11: failed to create 2D texture id=532 width=512 height=512 mips=10 dxgifmt=77 [D3D error was 8007000e]
d3d11: failed to create 2D texture shader resource view id=532 [D3D error was 80070057]
d3d11: failed to create 2D texture id=533 width=2048 height=1024 mips=12 dxgifmt=72 [D3D error was 8007000e]
d3d11: failed to create 2D texture shader resource view id=533 [D3D error was 80070057]
d3d11: failed to create 2D texture id=534 width=1024 height=1024 mips=11 dxgifmt=77 [D3D error was 8007000e]
d3d11: failed to create 2D texture shader resource view id=534 [D3D error was 80070057]
d3d11: failed to create 2D texture id=535 width=1024 height=1024 mips=1 dxgifmt=72 [D3D error was 8007000e]
d3d11: failed to create 2D texture shader resource view id=535 [D3D error was 80070057]
d3d11: failed to create 2D texture id=536 width=512 height=512 mips=10 dxgifmt=77 [D3D error was 8007000e]
d3d11: failed to create 2D texture shader resource view id=536 [D3D error was 80070057]
d3d11: failed to create 2D texture id=537 width=128 height=128 mips=1 dxgifmt=72 [D3D error was 8007000e]
d3d11: failed to create 2D texture shader resource view id=537 [D3D error was 80070057]
d3d11: failed to create 2D texture id=538 width=128 height=128 mips=1 dxgifmt=72 [D3D error was 8007000e]
d3d11: failed to create 2D texture shader resource view id=538 [D3D error was 80070057]
d3d11: failed to create 2D texture id=539 width=512 height=512 mips=10 dxgifmt=72 [D3D error was 8007000e]
d3d11: failed to create 2D texture shader resource view id=539 [D3D error was 80070057]
d3d11: failed to create 2D texture id=540 width=128 height=2048 mips=12 dxgifmt=78 [D3D error was 8007000e]
d3d11: failed to create 2D texture shader resource view id=540 [D3D error was 80070057]
d3d11: failed to create 2D texture id=541 width=512 height=1024 mips=11 dxgifmt=78 [D3D error was 8007000e]
d3d11: failed to create 2D texture shader resource view id=541 [D3D error was 80070057]
d3d11: failed to create 2D texture id=542 width=128 height=128 mips=8 dxgifmt=72 [D3D error was 8007000e]
d3d11: failed to create 2D texture shader resource view id=542 [D3D error was 80070057]
d3d11: failed to create 2D texture id=543 width=512 height=512 mips=10 dxgifmt=77 [D3D error was 8007000e]
d3d11: failed to create 2D texture shader resource view id=543 [D3D error was 80070057]
d3d11: failed to create 2D texture id=544 width=512 height=512 mips=10 dxgifmt=77 [D3D error was 8007000e]
d3d11: failed to create 2D texture shader resource view id=544 [D3D error was 80070057]
d3d11: failed to create 2D texture id=545 width=512 height=512 mips=10 dxgifmt=72 [D3D error was 8007000e]
d3d11: failed to create 2D texture shader resource view id=545 [D3D error was 80070057]
d3d11: failed to create 2D texture id=546 width=512 height=512 mips=10 dxgifmt=78 [D3D error was 8007000e]
d3d11: failed to create 2D texture shader resource view id=546 [D3D error was 80070057]
d3d11: failed to create 2D texture id=547 width=128 height=64 mips=1 dxgifmt=72 [D3D error was 8007000e]
d3d11: failed to create 2D texture shader resource view id=547 [D3D error was 80070057]
d3d11: failed to create 2D texture id=548 width=256 height=256 mips=9 dxgifmt=77 [D3D error was 8007000e]
d3d11: failed to create 2D texture shader resource view id=548 [D3D error was 80070057]
d3d11: failed to create 2D texture id=549 width=512 height=512 mips=10 dxgifmt=71 [D3D error was 8007000e]
d3d11: failed to create 2D texture shader resource view id=549 [D3D error was 80070057]
d3d11: failed to create 2D texture id=550 width=1024 height=1024 mips=11 dxgifmt=78 [D3D error was 8007000e]
d3d11: failed to create 2D texture shader resource view id=550 [D3D error was 80070057]
d3d11: failed to create 2D texture id=551 width=1024 height=1024 mips=11 dxgifmt=72 [D3D error was 8007000e]
d3d11: failed to create 2D texture shader resource view id=551 [D3D error was 80070057]
d3d11: failed to create 2D texture id=552 width=1024 height=1024 mips=11 dxgifmt=77 [D3D error was 8007000e]
d3d11: failed to create 2D texture shader resource view id=552 [D3D error was 80070057]
d3d11: failed to create 2D texture id=553 width=1024 height=1024 mips=11 dxgifmt=77 [D3D error was 8007000e]
d3d11: failed to create 2D texture shader resource view id=553 [D3D error was 80070057]
d3d11: failed to create 2D texture id=554 width=512 height=512 mips=10 dxgifmt=72 [D3D error was 8007000e]
d3d11: failed to create 2D texture shader resource view id=554 [D3D error was 80070057]
d3d11: failed to create 2D texture id=555 width=64 height=128 mips=8 dxgifmt=72 [D3D error was 8007000e]
d3d11: failed to create 2D texture shader resource view id=555 [D3D error was 80070057]
d3d11: failed to create 2D texture id=556 width=256 height=256 mips=9 dxgifmt=72 [D3D error was 8007000e]
d3d11: failed to create 2D texture shader resource view id=556 [D3D error was 80070057]
d3d11: failed to create 2D texture id=557 width=128 height=128 mips=1 dxgifmt=72 [D3D error was 8007000e]
d3d11: failed to create 2D texture shader resource view id=557 [D3D error was 80070057]
d3d11: failed to create 2D texture id=558 width=64 height=128 mips=1 dxgifmt=72 [D3D error was 8007000e]
d3d11: failed to create 2D texture shader resource view id=558 [D3D error was 80070057]
d3d11: failed to create 2D texture id=559 width=1024 height=512 mips=11 dxgifmt=77 [D3D error was 8007000e]
d3d11: failed to create 2D texture shader resource view id=559 [D3D error was 80070057]
d3d11: failed to create 2D texture shader resource view id=560 [D3D error was 8007000e]
d3d11: failed to create 2D texture id=561 width=128 height=128 mips=8 dxgifmt=78 [D3D error was 8007000e]
d3d11: failed to create 2D texture shader resource view id=561 [D3D error was 80070057]
d3d11: failed to create 2D texture id=562 width=2048 height=2048 mips=12 dxgifmt=78 [D3D error was 8007000e]
d3d11: failed to create 2D texture shader resource view id=562 [D3D error was 80070057]
d3d11: failed to create 2D texture id=563 width=128 height=128 mips=8 dxgifmt=72 [D3D error was 8007000e]
d3d11: failed to create 2D texture shader resource view id=563 [D3D error was 80070057]
d3d11: failed to create 2D texture id=564 width=2048 height=2048 mips=12 dxgifmt=71 [D3D error was 8007000e]
d3d11: failed to create 2D texture shader resource view id=564 [D3D error was 80070057]
d3d11: failed to create 2D texture id=565 width=1024 height=512 mips=11 dxgifmt=78 [D3D error was 8007000e]
d3d11: failed to create 2D texture shader resource view id=565 [D3D error was 80070057]
d3d11: failed to create 2D texture id=566 width=128 height=128 mips=1 dxgifmt=72 [D3D error was 8007000e]
d3d11: failed to create 2D texture shader resource view id=566 [D3D error was 80070057]
d3d11: failed to create 2D texture id=567 width=128 height=128 mips=8 dxgifmt=72 [D3D error was 8007000e]
d3d11: failed to create 2D texture shader resource view id=567 [D3D error was 80070057]
d3d11: failed to create 2D texture shader resource view id=568 [D3D error was 8007000e]
d3d11: failed to create 2D texture id=569 width=2048 height=1024 mips=12 dxgifmt=77 [D3D error was 8007000e]
d3d11: failed to create 2D texture shader resource view id=569 [D3D error was 80070057]
d3d11: failed to create 2D texture id=570 width=2048 height=1024 mips=12 dxgifmt=72 [D3D error was 8007000e]
d3d11: failed to create 2D texture shader resource view id=570 [D3D error was 80070057]
d3d11: failed to create 2D texture id=571 width=128 height=128 mips=1 dxgifmt=72 [D3D error was 8007000e]
d3d11: failed to create 2D texture shader resource view id=571 [D3D error was 80070057]
d3d11: failed to create 2D texture id=572 width=128 height=512 mips=1 dxgifmt=72 [D3D error was 8007000e]
d3d11: failed to create 2D texture shader resource view id=572 [D3D error was 80070057]
d3d11: failed to create 2D texture id=573 width=2048 height=1024 mips=12 dxgifmt=77 [D3D error was 8007000e]
d3d11: failed to create 2D texture shader resource view id=573 [D3D error was 80070057]
d3d11: failed to create 2D texture id=574 width=128 height=128 mips=8 dxgifmt=78 [D3D error was 8007000e]
d3d11: failed to create 2D texture shader resource view id=574 [D3D error was 80070057]
d3d11: failed to create 2D texture shader resource view id=575 [D3D error was 8007000e]
d3d11: failed to create 2D texture id=576 width=2048 height=1024 mips=12 dxgifmt=71 [D3D error was 8007000e]
d3d11: failed to create 2D texture shader resource view id=576 [D3D error was 80070057]
d3d11: failed to create 2D texture id=577 width=512 height=512 mips=10 dxgifmt=78 [D3D error was 8007000e]
d3d11: failed to create 2D texture shader resource view id=577 [D3D error was 80070057]
d3d11: failed to create 2D texture id=578 width=1024 height=1024 mips=11 dxgifmt=78 [D3D error was 8007000e]
d3d11: failed to create 2D texture shader resource view id=578 [D3D error was 80070057]
d3d11: failed to create 2D texture id=579 width=128 height=128 mips=8 dxgifmt=72 [D3D error was 8007000e]
d3d11: failed to create 2D texture shader resource view id=579 [D3D error was 80070057]
d3d11: failed to create 2D texture id=580 width=1024 height=1024 mips=11 dxgifmt=71 [D3D error was 8007000e]
d3d11: failed to create 2D texture shader resource view id=580 [D3D error was 80070057]
d3d11: failed to create 2D texture id=581 width=2048 height=2048 mips=12 dxgifmt=77 [D3D error was 8007000e]
d3d11: failed to create 2D texture shader resource view id=581 [D3D error was 80070057]
d3d11: failed to create 2D texture id=582 width=128 height=128 mips=1 dxgifmt=72 [D3D error was 8007000e]
d3d11: failed to create 2D texture shader resource view id=582 [D3D error was 80070057]
d3d11: failed to create 2D texture id=583 width=1024 height=1024 mips=11 dxgifmt=72 [D3D error was 8007000e]
d3d11: failed to create 2D texture shader resource view id=583 [D3D error was 80070057]
d3d11: failed to create 2D texture id=584 width=128 height=64 mips=8 dxgifmt=72 [D3D error was 8007000e]
d3d11: failed to create 2D texture shader resource view id=584 [D3D error was 80070057]
d3d11: failed to create 2D texture id=585 width=1024 height=1024 mips=11 dxgifmt=77 [D3D error was 8007000e]
d3d11: failed to create 2D texture shader resource view id=585 [D3D error was 80070057]
d3d11: failed to create 2D texture id=586 width=1024 height=1024 mips=11 dxgifmt=78 [D3D error was 8007000e]
d3d11: failed to create 2D texture shader resource view id=586 [D3D error was 80070057]
d3d11: failed to create 2D texture id=587 width=128 height=128 mips=1 dxgifmt=72 [D3D error was 8007000e]
d3d11: failed to create 2D texture shader resource view id=587 [D3D error was 80070057]
d3d11: failed to create 2D texture id=588 width=1024 height=1024 mips=11 dxgifmt=72 [D3D error was 8007000e]
d3d11: failed to create 2D texture shader resource view id=588 [D3D error was 80070057]
d3d11: failed to create 2D texture id=589 width=128 height=64 mips=1 dxgifmt=72 [D3D error was 8007000e]
d3d11: failed to create 2D texture shader resource view id=589 [D3D error was 80070057]
d3d11: failed to create 2D texture id=590 width=512 height=512 mips=1 dxgifmt=78 [D3D error was 8007000e]
d3d11: failed to create 2D texture shader resource view id=590 [D3D error was 80070057]
d3d11: failed to create 2D texture id=591 width=512 height=512 mips=10 dxgifmt=77 [D3D error was 8007000e]
d3d11: failed to create 2D texture shader resource view id=591 [D3D error was 80070057]
d3d11: failed to create 2D texture id=592 width=2048 height=1024 mips=12 dxgifmt=77 [D3D error was 8007000e]
d3d11: failed to create 2D texture shader resource view id=592 [D3D error was 80070057]
d3d11: failed to create 2D texture id=593 width=512 height=512 mips=10 dxgifmt=77 [D3D error was 8007000e]
d3d11: failed to create 2D texture shader resource view id=593 [D3D error was 80070057]
d3d11: failed to create 2D texture id=594 width=128 height=128 mips=1 dxgifmt=72 [D3D error was 8007000e]
d3d11: failed to create 2D texture shader resource view id=594 [D3D error was 80070057]
d3d11: failed to create 2D texture id=595 width=128 height=64 mips=1 dxgifmt=72 [D3D error was 8007000e]
d3d11: failed to create 2D texture shader resource view id=595 [D3D error was 80070057]
d3d11: failed to create 2D texture id=596 width=512 height=512 mips=10 dxgifmt=71 [D3D error was 8007000e]
d3d11: failed to create 2D texture shader resource view id=596 [D3D error was 80070057]
d3d11: failed to create 2D texture id=597 width=256 height=256 mips=9 dxgifmt=78 [D3D error was 8007000e]
d3d11: failed to create 2D texture shader resource view id=597 [D3D error was 80070057]
d3d11: failed to create 2D texture id=598 width=1024 height=1024 mips=11 dxgifmt=71 [D3D error was 8007000e]
d3d11: failed to create 2D texture shader resource view id=598 [D3D error was 80070057]
d3d11: failed to create 2D texture id=599 width=256 height=512 mips=10 dxgifmt=71 [D3D error was 8007000e]
d3d11: failed to create 2D texture shader resource view id=599 [D3D error was 80070057]
d3d11: failed to create 2D texture id=600 width=1024 height=1024 mips=11 dxgifmt=77 [D3D error was 8007000e]
d3d11: failed to create 2D texture shader resource view id=600 [D3D error was 80070057]
d3d11: failed to create 2D texture id=601 width=1024 height=1024 mips=11 dxgifmt=77 [D3D error was 8007000e]
d3d11: failed to create 2D texture shader resource view id=601 [D3D error was 80070057]
d3d11: failed to create 2D texture id=602 width=512 height=512 mips=10 dxgifmt=77 [D3D error was 8007000e]
d3d11: failed to create 2D texture shader resource view id=602 [D3D error was 80070057]
d3d11: failed to create 2D texture id=603 width=128 height=128 mips=8 dxgifmt=78 [D3D error was 8007000e]
d3d11: failed to create 2D texture shader resource view id=603 [D3D error was 80070057]
d3d11: failed to create 2D texture id=604 width=2048 height=1024 mips=12 dxgifmt=77 [D3D error was 8007000e]
d3d11: failed to create 2D texture shader resource view id=604 [D3D error was 80070057]
d3d11: failed to create 2D texture id=605 width=1024 height=1024 mips=11 dxgifmt=77 [D3D error was 8007000e]
d3d11: failed to create 2D texture shader resource view id=605 [D3D error was 80070057]
d3d11: failed to create 2D texture id=606 width=1024 height=1024 mips=11 dxgifmt=78 [D3D error was 8007000e]
d3d11: failed to create 2D texture shader resource view id=606 [D3D error was 80070057]
d3d11: failed to create 2D texture id=607 width=1024 height=1024 mips=11 dxgifmt=72 [D3D error was 8007000e]
d3d11: failed to create 2D texture shader resource view id=607 [D3D error was 80070057]
d3d11: failed to create 2D texture id=608 width=1024 height=1024 mips=11 dxgifmt=72 [D3D error was 8007000e]
d3d11: failed to create 2D texture shader resource view id=608 [D3D error was 80070057]
d3d11: failed to create 2D texture id=609 width=512 height=256 mips=10 dxgifmt=72 [D3D error was 8007000e]
d3d11: failed to create 2D texture shader resource view id=609 [D3D error was 80070057]
d3d11: failed to create 2D texture id=610 width=512 height=256 mips=10 dxgifmt=72 [D3D error was 8007000e]
d3d11: failed to create 2D texture shader resource view id=610 [D3D error was 80070057]
d3d11: failed to create 2D texture id=611 width=2048 height=2048 mips=12 dxgifmt=72 [D3D error was 8007000e]
d3d11: failed to create 2D texture shader resource view id=611 [D3D error was 80070057]
d3d11: failed to create 2D texture id=612 width=512 height=1024 mips=11 dxgifmt=78 [D3D error was 8007000e]
d3d11: failed to create 2D texture shader resource view id=612 [D3D error was 80070057]
d3d11: failed to create 2D texture id=613 width=512 height=512 mips=10 dxgifmt=72 [D3D error was 8007000e]
d3d11: failed to create 2D texture shader resource view id=613 [D3D error was 80070057]
d3d11: failed to create 2D texture id=614 width=128 height=128 mips=8 dxgifmt=72 [D3D error was 8007000e]
d3d11: failed to create 2D texture shader resource view id=614 [D3D error was 80070057]
d3d11: failed to create 2D texture id=615 width=128 height=128 mips=8 dxgifmt=72 [D3D error was 8007000e]
d3d11: failed to create 2D texture shader resource view id=615 [D3D error was 80070057]
d3d11: failed to create 2D texture id=616 width=2048 height=2048 mips=12 dxgifmt=78 [D3D error was 8007000e]
d3d11: failed to create 2D texture shader resource view id=616 [D3D error was 80070057]
d3d11: failed to create 2D texture id=617 width=64 height=128 mips=8 dxgifmt=72 [D3D error was 8007000e]
d3d11: failed to create 2D texture shader resource view id=617 [D3D error was 80070057]
d3d11: failed to create 2D texture id=618 width=128 height=512 mips=1 dxgifmt=72 [D3D error was 8007000e]
d3d11: failed to create 2D texture shader resource view id=618 [D3D error was 80070057]
d3d11: failed to create 2D texture id=619 width=512 height=256 mips=1 dxgifmt=72 [D3D error was 8007000e]
d3d11: failed to create 2D texture shader resource view id=619 [D3D error was 80070057]
d3d11: failed to create 2D texture id=620 width=512 height=512 mips=1 dxgifmt=78 [D3D error was 8007000e]
d3d11: failed to create 2D texture shader resource view id=620 [D3D error was 80070057]
d3d11: failed to create 2D texture id=621 width=2048 height=2048 mips=12 dxgifmt=71 [D3D error was 8007000e]
d3d11: failed to create 2D texture shader resource view id=621 [D3D error was 80070057]
d3d11: failed to create 2D texture id=622 width=2048 height=2048 mips=12 dxgifmt=77 [D3D error was 8007000e]
d3d11: failed to create 2D texture shader resource view id=622 [D3D error was 80070057]
d3d11: failed to create 2D texture id=623 width=512 height=512 mips=10 dxgifmt=78 [D3D error was 8007000e]
d3d11: failed to create 2D texture shader resource view id=623 [D3D error was 80070057]
d3d11: failed to create 2D texture id=624 width=256 height=256 mips=9 dxgifmt=78 [D3D error was 8007000e]
d3d11: failed to create 2D texture shader resource view id=624 [D3D error was 80070057]
d3d11: failed to create 2D texture id=625 width=1024 height=1024 mips=1 dxgifmt=72 [D3D error was 8007000e]
d3d11: failed to create 2D texture shader resource view id=625 [D3D error was 80070057]
d3d11: failed to create 2D texture id=626 width=128 height=128 mips=8 dxgifmt=72 [D3D error was 8007000e]
d3d11: failed to create 2D texture shader resource view id=626 [D3D error was 80070057]
d3d11: failed to create 2D texture id=627 width=256 height=256 mips=1 dxgifmt=78 [D3D error was 8007000e]
d3d11: failed to create 2D texture shader resource view id=627 [D3D error was 80070057]
d3d11: failed to create 2D texture id=628 width=256 height=16 mips=9 dxgifmt=72 [D3D error was 8007000e]
d3d11: failed to create 2D texture shader resource view id=628 [D3D error was 80070057]
d3d11: failed to create 2D texture id=629 width=2048 height=2048 mips=12 dxgifmt=78 [D3D error was 8007000e]
d3d11: failed to create 2D texture shader resource view id=629 [D3D error was 80070057]
d3d11: failed to create 2D texture id=630 width=512 height=512 mips=10 dxgifmt=71 [D3D error was 8007000e]
d3d11: failed to create 2D texture shader resource view id=630 [D3D error was 80070057]
d3d11: failed to create 2D texture id=631 width=512 height=512 mips=10 dxgifmt=77 [D3D error was 8007000e]
d3d11: failed to create 2D texture shader resource view id=631 [D3D error was 80070057]
d3d11: failed to create 2D texture id=632 width=1024 height=1024 mips=11 dxgifmt=77 [D3D error was 8007000e]
d3d11: failed to create 2D texture shader resource view id=632 [D3D error was 80070057]
d3d11: failed to create 2D texture id=633 width=128 height=64 mips=1 dxgifmt=72 [D3D error was 8007000e]
d3d11: failed to create 2D texture shader resource view id=633 [D3D error was 80070057]
d3d11: failed to create 2D texture id=634 width=128 height=128 mips=8 dxgifmt=78 [D3D error was 8007000e]
d3d11: failed to create 2D texture shader resource view id=634 [D3D error was 80070057]
d3d11: failed to create 2D texture id=635 width=256 height=512 mips=10 dxgifmt=78 [D3D error was 8007000e]
d3d11: failed to create 2D texture shader resource view id=635 [D3D error was 80070057]
d3d11: failed to create 2D texture id=636 width=512 height=512 mips=1 dxgifmt=72 [D3D error was 8007000e]
d3d11: failed to create 2D texture shader resource view id=636 [D3D error was 80070057]
d3d11: failed to create 2D texture id=637 width=128 height=128 mips=8 dxgifmt=78 [D3D error was 8007000e]
d3d11: failed to create 2D texture shader resource view id=637 [D3D error was 80070057]
d3d11: failed to create 2D texture id=638 width=64 height=128 mips=8 dxgifmt=72 [D3D error was 8007000e]
d3d11: failed to create 2D texture shader resource view id=638 [D3D error was 80070057]
d3d11: failed to create 2D texture id=639 width=512 height=1024 mips=11 dxgifmt=72 [D3D error was 8007000e]
d3d11: failed to create 2D texture shader resource view id=639 [D3D error was 80070057]
d3d11: failed to create 2D texture id=640 width=256 height=256 mips=9 dxgifmt=78 [D3D error was 8007000e]
d3d11: failed to create 2D texture shader resource view id=640 [D3D error was 80070057]
d3d11: failed to create 2D texture id=641 width=512 height=1024 mips=11 dxgifmt=78 [D3D error was 8007000e]
d3d11: failed to create 2D texture shader resource view id=641 [D3D error was 80070057]
d3d11: failed to create 2D texture id=642 width=1024 height=1024 mips=11 dxgifmt=72 [D3D error was 8007000e]
d3d11: failed to create 2D texture shader resource view id=642 [D3D error was 80070057]
d3d11: failed to create 2D texture id=643 width=1024 height=1024 mips=11 dxgifmt=77 [D3D error was 8007000e]
d3d11: failed to create 2D texture shader resource view id=643 [D3D error was 80070057]
d3d11: failed to create 2D texture id=644 width=1024 height=1024 mips=11 dxgifmt=78 [D3D error was 8007000e]
d3d11: failed to create 2D texture shader resource view id=644 [D3D error was 80070057]
d3d11: failed to create 2D texture id=645 width=128 height=64 mips=1 dxgifmt=72 [D3D error was 8007000e]
d3d11: failed to create 2D texture shader resource view id=645 [D3D error was 80070057]
d3d11: failed to create 2D texture id=646 width=512 height=512 mips=10 dxgifmt=78 [D3D error was 8007000e]
d3d11: failed to create 2D texture shader resource view id=646 [D3D error was 80070057]
d3d11: failed to create 2D texture id=647 width=64 height=128 mips=8 dxgifmt=72 [D3D error was 8007000e]
d3d11: failed to create 2D texture shader resource view id=647 [D3D error was 80070057]
d3d11: failed to create 2D texture id=648 width=512 height=1024 mips=11 dxgifmt=78 [D3D error was 8007000e]
d3d11: failed to create 2D texture shader resource view id=648 [D3D error was 80070057]
d3d11: failed to create 2D texture id=649 width=512 height=512 mips=10 dxgifmt=77 [D3D error was 8007000e]
d3d11: failed to create 2D texture shader resource view id=649 [D3D error was 80070057]
d3d11: failed to create 2D texture id=650 width=512 height=256 mips=10 dxgifmt=72 [D3D error was 8007000e]
d3d11: failed to create 2D texture shader resource view id=650 [D3D error was 80070057]
d3d11: failed to create 2D texture id=651 width=64 height=128 mips=8 dxgifmt=72 [D3D error was 8007000e]
d3d11: failed to create 2D texture shader resource view id=651 [D3D error was 80070057]
d3d11: failed to create 2D texture id=652 width=2048 height=1024 mips=12 dxgifmt=78 [D3D error was 8007000e]
d3d11: failed to create 2D texture shader resource view id=652 [D3D error was 80070057]
d3d11: failed to create 2D texture id=653 width=512 height=1024 mips=11 dxgifmt=72 [D3D error was 8007000e]
d3d11: failed to create 2D texture shader resource view id=653 [D3D error was 80070057]
d3d11: failed to create 2D texture id=654 width=2048 height=2048 mips=12 dxgifmt=71 [D3D error was 8007000e]
d3d11: failed to create 2D texture shader resource view id=654 [D3D error was 80070057]
d3d11: failed to create 2D texture id=655 width=512 height=256 mips=10 dxgifmt=72 [D3D error was 8007000e]
d3d11: failed to create 2D texture shader resource view id=655 [D3D error was 80070057]
d3d11: failed to create 2D texture id=656 width=512 height=512 mips=1 dxgifmt=78 [D3D error was 8007000e]
d3d11: failed to create 2D texture shader resource view id=656 [D3D error was 80070057]
d3d11: failed to create 2D texture id=657 width=64 height=128 mips=1 dxgifmt=72 [D3D error was 8007000e]
d3d11: failed to create 2D texture shader resource view id=657 [D3D error was 80070057]
d3d11: failed to create 2D texture id=658 width=512 height=256 mips=10 dxgifmt=72 [D3D error was 8007000e]
d3d11: failed to create 2D texture shader resource view id=658 [D3D error was 80070057]
d3d11: failed to create 2D texture id=659 width=128 height=128 mips=1 dxgifmt=78 [D3D error was 8007000e]
d3d11: failed to create 2D texture shader resource view id=659 [D3D error was 80070057]
d3d11: failed to create 2D texture shader resource view id=660 [D3D error was 8007000e]
d3d11: failed to create 2D texture id=661 width=512 height=512 mips=10 dxgifmt=71 [D3D error was 8007000e]
d3d11: failed to create 2D texture shader resource view id=661 [D3D error was 80070057]
d3d11: failed to create 2D texture id=662 width=256 height=512 mips=10 dxgifmt=77 [D3D error was 8007000e]
d3d11: failed to create 2D texture shader resource view id=662 [D3D error was 80070057]
d3d11: failed to create 2D texture id=663 width=128 height=128 mips=8 dxgifmt=72 [D3D error was 8007000e]
d3d11: failed to create 2D texture shader resource view id=663 [D3D error was 80070057]
d3d11: failed to create 2D texture id=664 width=2048 height=2048 mips=12 dxgifmt=78 [D3D error was 8007000e]
d3d11: failed to create 2D texture shader resource view id=664 [D3D error was 80070057]
d3d11: failed to create 2D texture id=665 width=512 height=512 mips=10 dxgifmt=78 [D3D error was 8007000e]
d3d11: failed to create 2D texture shader resource view id=665 [D3D error was 80070057]
d3d11: failed to create 2D texture id=666 width=1024 height=1024 mips=11 dxgifmt=77 [D3D error was 8007000e]
d3d11: failed to create 2D texture shader resource view id=666 [D3D error was 80070057]
d3d11: failed to create 2D texture id=667 width=128 height=128 mips=1 dxgifmt=72 [D3D error was 8007000e]
d3d11: failed to create 2D texture shader resource view id=667 [D3D error was 80070057]
d3d11: failed to create 2D texture id=668 width=1024 height=1024 mips=11 dxgifmt=72 [D3D error was 8007000e]
d3d11: failed to create 2D texture shader resource view id=668 [D3D error was 80070057]
d3d11: failed to create 2D texture id=669 width=128 height=64 mips=1 dxgifmt=72 [D3D error was 8007000e]
d3d11: failed to create 2D texture shader resource view id=669 [D3D error was 80070057]
d3d11: failed to create 2D texture id=670 width=64 height=128 mips=1 dxgifmt=72 [D3D error was 8007000e]
d3d11: failed to create 2D texture shader resource view id=670 [D3D error was 80070057]
d3d11: failed to create 2D texture id=671 width=512 height=256 mips=10 dxgifmt=72 [D3D error was 8007000e]
d3d11: failed to create 2D texture shader resource view id=671 [D3D error was 80070057]
d3d11: failed to create 2D texture id=672 width=512 height=256 mips=10 dxgifmt=72 [D3D error was 8007000e]
d3d11: failed to create 2D texture shader resource view id=672 [D3D error was 80070057]
d3d11: failed to create 2D texture id=673 width=64 height=128 mips=1 dxgifmt=72 [D3D error was 8007000e]
d3d11: failed to create 2D texture shader resource view id=673 [D3D error was 80070057]
d3d11: failed to create 2D texture id=674 width=2048 height=1024 mips=12 dxgifmt=77 [D3D error was 8007000e]
d3d11: failed to create 2D texture shader resource view id=674 [D3D error was 80070057]
d3d11: failed to create 2D texture id=675 width=512 height=512 mips=10 dxgifmt=77 [D3D error was 8007000e]
d3d11: failed to create 2D texture shader resource view id=675 [D3D error was 80070057]
d3d11: failed to create 2D texture id=676 width=2048 height=1024 mips=12 dxgifmt=72 [D3D error was 8007000e]
d3d11: failed to create 2D texture shader resource view id=676 [D3D error was 80070057]
d3d11: failed to create 2D texture id=677 width=512 height=512 mips=10 dxgifmt=72 [D3D error was 8007000e]
d3d11: failed to create 2D texture shader resource view id=677 [D3D error was 80070057]
d3d11: failed to create 2D texture id=678 width=512 height=256 mips=10 dxgifmt=72 [D3D error was 8007000e]
d3d11: failed to create 2D texture shader resource view id=678 [D3D error was 80070057]
d3d11: failed to create 2D texture id=679 width=512 height=256 mips=10 dxgifmt=72 [D3D error was 8007000e]
d3d11: failed to create 2D texture shader resource view id=679 [D3D error was 80070057]
d3d11: failed to create 2D texture id=680 width=1024 height=1024 mips=11 dxgifmt=72 [D3D error was 8007000e]
d3d11: failed to create 2D texture shader resource view id=680 [D3D error was 80070057]
d3d11: failed to create 2D texture id=682 width=512 height=256 mips=10 dxgifmt=72 [D3D error was 8007000e]
d3d11: failed to create 2D texture shader resource view id=681 [D3D error was 8007000e]
d3d11: failed to create 2D texture shader resource view id=682 [D3D error was 80070057]
d3d11: failed to create 2D texture id=683 width=2048 height=1024 mips=12 dxgifmt=71 [D3D error was 8007000e]
d3d11: failed to create 2D texture shader resource view id=683 [D3D error was 80070057]
d3d11: failed to create 2D texture id=684 width=1024 height=1024 mips=11 dxgifmt=72 [D3D error was 8007000e]
d3d11: failed to create 2D texture shader resource view id=684 [D3D error was 80070057]
d3d11: failed to create 2D texture id=686 width=64 height=128 mips=8 dxgifmt=72 [D3D error was 8007000e]
d3d11: failed to create 2D texture shader resource view id=685 [D3D error was 8007000e]
d3d11: failed to create 2D texture shader resource view id=686 [D3D error was 80070057]
d3d11: failed to create 2D texture id=687 width=64 height=128 mips=8 dxgifmt=72 [D3D error was 8007000e]
d3d11: failed to create 2D texture shader resource view id=687 [D3D error was 80070057]
d3d11: failed to create 2D texture id=689 width=512 height=512 mips=10 dxgifmt=78 [D3D error was 8007000e]
d3d11: failed to create 2D texture shader resource view id=688 [D3D error was 8007000e]
d3d11: failed to create 2D texture shader resource view id=689 [D3D error was 80070057]
d3d11: failed to create 2D texture id=690 width=1024 height=1024 mips=11 dxgifmt=72 [D3D error was 8007000e]
d3d11: failed to create 2D texture shader resource view id=690 [D3D error was 80070057]
d3d11: failed to create 2D texture id=691 width=512 height=512 mips=10 dxgifmt=77 [D3D error was 8007000e]
d3d11: failed to create 2D texture shader resource view id=691 [D3D error was 80070057]
d3d11: failed to create 2D texture id=692 width=512 height=1024 mips=11 dxgifmt=77 [D3D error was 8007000e]
d3d11: failed to create 2D texture shader resource view id=692 [D3D error was 80070057]
d3d11: failed to create 2D texture id=693 width=256 height=512 mips=10 dxgifmt=77 [D3D error was 8007000e]
d3d11: failed to create 2D texture shader resource view id=693 [D3D error was 80070057]
d3d11: failed to create 2D texture id=694 width=1024 height=1024 mips=11 dxgifmt=77 [D3D error was 8007000e]
d3d11: failed to create 2D texture shader resource view id=694 [D3D error was 80070057]
d3d11: failed to create 2D texture id=695 width=256 height=512 mips=10 dxgifmt=72 [D3D error was 8007000e]
d3d11: failed to create 2D texture shader resource view id=695 [D3D error was 80070057]
d3d11: failed to create 2D texture id=696 width=2048 height=2048 mips=12 dxgifmt=78 [D3D error was 8007000e]
d3d11: failed to create 2D texture shader resource view id=696 [D3D error was 80070057]
d3d11: failed to create 2D texture id=697 width=128 height=128 mips=8 dxgifmt=71 [D3D error was 8007000e]
d3d11: failed to create 2D texture shader resource view id=697 [D3D error was 80070057]
d3d11: failed to create 2D texture id=698 width=256 height=256 mips=9 dxgifmt=72 [D3D error was 8007000e]
d3d11: failed to create 2D texture shader resource view id=698 [D3D error was 80070057]
d3d11: failed to create 2D texture id=699 width=512 height=256 mips=10 dxgifmt=72 [D3D error was 8007000e]
d3d11: failed to create 2D texture shader resource view id=699 [D3D error was 80070057]
d3d11: failed to create 2D texture id=700 width=1024 height=1024 mips=11 dxgifmt=78 [D3D error was 8007000e]
d3d11: failed to create 2D texture shader resource view id=700 [D3D error was 80070057]
d3d11: failed to create 2D texture id=701 width=128 height=128 mips=1 dxgifmt=72 [D3D error was 8007000e]
d3d11: failed to create 2D texture shader resource view id=701 [D3D error was 80070057]
d3d11: failed to create 2D texture id=702 width=512 height=256 mips=10 dxgifmt=72 [D3D error was 8007000e]
d3d11: failed to create 2D texture shader resource view id=702 [D3D error was 80070057]
d3d11: failed to create 2D texture id=704 width=1024 height=1024 mips=11 dxgifmt=78 [D3D error was 8007000e]
d3d11: failed to create 2D texture shader resource view id=703 [D3D error was 8007000e]
d3d11: failed to create 2D texture shader resource view id=704 [D3D error was 80070057]
d3d11: failed to create 2D texture id=705 width=2048 height=2048 mips=12 dxgifmt=78 [D3D error was 8007000e]
d3d11: failed to create 2D texture shader resource view id=705 [D3D error was 80070057]
d3d11: failed to create 2D texture id=706 width=128 height=128 mips=8 dxgifmt=72 [D3D error was 8007000e]
d3d11: failed to create 2D texture shader resource view id=706 [D3D error was 80070057]
d3d11: failed to create 2D texture id=707 width=1024 height=1024 mips=11 dxgifmt=77 [D3D error was 8007000e]
d3d11: failed to create 2D texture shader resource view id=707 [D3D error was 80070057]
d3d11: failed to create 2D texture id=708 width=64 height=128 mips=1 dxgifmt=72 [D3D error was 8007000e]
d3d11: failed to create 2D texture shader resource view id=708 [D3D error was 80070057]
d3d11: failed to create 2D texture id=709 width=2048 height=2048 mips=12 dxgifmt=72 [D3D error was 8007000e]
d3d11: failed to create 2D texture shader resource view id=709 [D3D error was 80070057]
d3d11: failed to create 2D texture id=710 width=2048 height=1024 mips=12 dxgifmt=72 [D3D error was 8007000e]
d3d11: failed to create 2D texture shader resource view id=710 [D3D error was 80070057]
d3d11: failed to create 2D texture shader resource view id=711 [D3D error was 8007000e]
d3d11: failed to create 2D texture id=712 width=2048 height=1024 mips=12 dxgifmt=77 [D3D error was 8007000e]
d3d11: failed to create 2D texture shader resource view id=712 [D3D error was 80070057]
d3d11: failed to create 2D texture id=713 width=1024 height=1024 mips=11 dxgifmt=78 [D3D error was 8007000e]
d3d11: failed to create 2D texture shader resource view id=713 [D3D error was 80070057]
d3d11: failed to create 2D texture id=714 width=512 height=512 mips=10 dxgifmt=72 [D3D error was 8007000e]
d3d11: failed to create 2D texture shader resource view id=714 [D3D error was 80070057]
d3d11: failed to create 2D texture id=715 width=2048 height=2048 mips=12 dxgifmt=72 [D3D error was 8007000e]
d3d11: failed to create 2D texture shader resource view id=715 [D3D error was 80070057]
d3d11: failed to create 2D texture id=716 width=2048 height=2048 mips=12 dxgifmt=77 [D3D error was 8007000e]
d3d11: failed to create 2D texture shader resource view id=716 [D3D error was 80070057]
d3d11: failed to create 2D texture id=717 width=128 height=256 mips=1 dxgifmt=72 [D3D error was 8007000e]
d3d11: failed to create 2D texture shader resource view id=717 [D3D error was 80070057]
d3d11: failed to create 2D texture id=718 width=2048 height=2048 mips=12 dxgifmt=77 [D3D error was 8007000e]
d3d11: failed to create 2D texture shader resource view id=718 [D3D error was 80070057]
d3d11: failed to create 2D texture shader resource view id=719 [D3D error was 8007000e]
d3d11: failed to create 2D texture id=720 width=2048 height=2048 mips=12 dxgifmt=78 [D3D error was 8007000e]
d3d11: failed to create 2D texture shader resource view id=720 [D3D error was 80070057]
d3d11: failed to create 2D texture id=722 width=1024 height=1024 mips=11 dxgifmt=72 [D3D error was 8007000e]
d3d11: failed to create 2D texture shader resource view id=721 [D3D error was 8007000e]
d3d11: failed to create 2D texture shader resource view id=722 [D3D error was 80070057]
d3d11: failed to create 2D texture id=723 width=128 height=128 mips=8 dxgifmt=71 [D3D error was 8007000e]
d3d11: failed to create 2D texture shader resource view id=723 [D3D error was 80070057]
d3d11: failed to create 2D texture id=724 width=1024 height=1024 mips=11 dxgifmt=72 [D3D error was 8007000e]
d3d11: failed to create 2D texture shader resource view id=724 [D3D error was 80070057]
d3d11: failed to create 2D texture id=725 width=256 height=256 mips=9 dxgifmt=72 [D3D error was 8007000e]
d3d11: failed to create 2D texture shader resource view id=725 [D3D error was 80070057]
d3d11: failed to create 2D texture id=727 width=1024 height=1024 mips=11 dxgifmt=77 [D3D error was 8007000e]
d3d11: failed to create 2D texture shader resource view id=726 [D3D error was 8007000e]
d3d11: failed to create 2D texture shader resource view id=727 [D3D error was 80070057]
d3d11: failed to create 2D texture id=728 width=2048 height=1024 mips=12 dxgifmt=72 [D3D error was 8007000e]
d3d11: failed to create 2D texture shader resource view id=728 [D3D error was 80070057]
d3d11: failed to create 2D texture id=729 width=1024 height=1024 mips=11 dxgifmt=71 [D3D error was 8007000e]
d3d11: failed to create 2D texture shader resource view id=729 [D3D error was 80070057]
d3d11: failed to create 2D texture id=730 width=128 height=128 mips=1 dxgifmt=72 [D3D error was 8007000e]
d3d11: failed to create 2D texture shader resource view id=730 [D3D error was 80070057]
d3d11: failed to create 2D texture id=731 width=2048 height=2048 mips=12 dxgifmt=78 [D3D error was 8007000e]
d3d11: failed to create 2D texture shader resource view id=731 [D3D error was 80070057]
d3d11: failed to create 2D texture id=732 width=64 height=128 mips=1 dxgifmt=72 [D3D error was 8007000e]
d3d11: failed to create 2D texture shader resource view id=732 [D3D error was 80070057]
d3d11: failed to create 2D texture id=734 width=2048 height=1024 mips=12 dxgifmt=77 [D3D error was 8007000e]
d3d11: failed to create 2D texture shader resource view id=734 [D3D error was 80070057]
d3d11: failed to create 2D texture id=735 width=2048 height=1024 mips=12 dxgifmt=77 [D3D error was 8007000e]
d3d11: failed to create 2D texture shader resource view id=735 [D3D error was 80070057]
d3d11: failed to create 2D texture id=736 width=2048 height=2048 mips=12 dxgifmt=77 [D3D error was 8007000e]
d3d11: failed to create 2D texture shader resource view id=736 [D3D error was 80070057]
d3d11: failed to create 2D texture id=737 width=2048 height=2048 mips=12 dxgifmt=72 [D3D error was 8007000e]
d3d11: failed to create 2D texture shader resource view id=737 [D3D error was 80070057]
d3d11: failed to create 2D texture id=738 width=2048 height=2048 mips=12 dxgifmt=78 [D3D error was 8007000e]
d3d11: failed to create 2D texture shader resource view id=738 [D3D error was 80070057]
d3d11: failed to create 2D texture id=739 width=512 height=512 mips=1 dxgifmt=72 [D3D error was 8007000e]
d3d11: failed to create 2D texture shader resource view id=739 [D3D error was 80070057]
d3d11: failed to create 2D texture id=740 width=128 height=128 mips=8 dxgifmt=71 [D3D error was 8007000e]
d3d11: failed to create 2D texture shader resource view id=740 [D3D error was 80070057]
d3d11: failed to create 2D texture shader resource view id=741 [D3D error was 8007000e]
d3d11: failed to create 2D texture id=742 width=2048 height=2048 mips=12 dxgifmt=78 [D3D error was 8007000e]
d3d11: failed to create 2D texture shader resource view id=742 [D3D error was 80070057]
d3d11: failed to create 2D texture id=743 width=1024 height=1024 mips=11 dxgifmt=72 [D3D error was 8007000e]
d3d11: failed to create 2D texture shader resource view id=743 [D3D error was 80070057]
d3d11: failed to create 2D texture id=744 width=128 height=128 mips=8 dxgifmt=71 [D3D error was 8007000e]
d3d11: failed to create 2D texture shader resource view id=744 [D3D error was 80070057]
d3d11: failed to create 2D texture id=745 width=2048 height=2048 mips=12 dxgifmt=78 [D3D error was 8007000e]
d3d11: failed to create 2D texture shader resource view id=745 [D3D error was 80070057]
d3d11: failed to create 2D texture id=746 width=512 height=1024 mips=11 dxgifmt=72 [D3D error was 8007000e]
d3d11: failed to create 2D texture shader resource view id=746 [D3D error was 80070057]
d3d11: failed to create 2D texture id=747 width=1024 height=1024 mips=11 dxgifmt=72 [D3D error was 8007000e]
d3d11: failed to create 2D texture shader resource view id=747 [D3D error was 80070057]
d3d11: failed to create 2D texture id=748 width=128 height=128 mips=8 dxgifmt=72 [D3D error was 8007000e]
d3d11: failed to create 2D texture shader resource view id=748 [D3D error was 80070057]
d3d11: failed to create 2D texture id=751 width=512 height=512 mips=10 dxgifmt=78 [D3D error was 8007000e]
d3d11: failed to create 2D texture shader resource view id=750 [D3D error was 8007000e]
d3d11: failed to create 2D texture shader resource view id=751 [D3D error was 80070057]
d3d11: failed to create 2D texture id=752 width=512 height=512 mips=10 dxgifmt=71 [D3D error was 8007000e]
d3d11: failed to create 2D texture shader resource view id=752 [D3D error was 80070057]
d3d11: failed to create 2D texture id=753 width=512 height=512 mips=10 dxgifmt=78 [D3D error was 8007000e]
d3d11: failed to create 2D texture shader resource view id=753 [D3D error was 80070057]
d3d11: failed to create 2D texture id=754 width=128 height=128 mips=1 dxgifmt=72 [D3D error was 8007000e]
d3d11: failed to create 2D texture shader resource view id=754 [D3D error was 80070057]
d3d11: failed to create 2D texture id=755 width=2048 height=2048 mips=12 dxgifmt=77 [D3D error was 8007000e]
d3d11: failed to create 2D texture shader resource view id=755 [D3D error was 80070057]
d3d11: failed to create 2D texture id=756 width=1024 height=1024 mips=11 dxgifmt=78 [D3D error was 8007000e]
d3d11: failed to create 2D texture shader resource view id=756 [D3D error was 80070057]
d3d11: failed to create 2D texture id=757 width=64 height=128 mips=8 dxgifmt=72 [D3D error was 8007000e]
d3d11: failed to create 2D texture shader resource view id=757 [D3D error was 80070057]
d3d11: failed to create 2D texture id=758 width=512 height=256 mips=10 dxgifmt=72 [D3D error was 8007000e]
d3d11: failed to create 2D texture shader resource view id=758 [D3D error was 80070057]
d3d11: failed to create 2D texture id=759 width=512 height=256 mips=1 dxgifmt=72 [D3D error was 8007000e]
d3d11: failed to create 2D texture shader resource view id=759 [D3D error was 80070057]
d3d11: failed to create 2D texture shader resource view id=760 [D3D error was 8007000e]
d3d11: failed to create 2D texture id=761 width=2048 height=2048 mips=12 dxgifmt=77 [D3D error was 8007000e]
d3d11: failed to create 2D texture shader resource view id=761 [D3D error was 80070057]
d3d11: failed to create 2D texture shader resource view id=762 [D3D error was 8007000e]
d3d11: failed to create 2D texture id=763 width=2048 height=2048 mips=12 dxgifmt=78 [D3D error was 8007000e]
d3d11: failed to create 2D texture shader resource view id=763 [D3D error was 80070057]
d3d11: failed to create 2D texture id=764 width=512 height=256 mips=10 dxgifmt=72 [D3D error was 8007000e]
d3d11: failed to create 2D texture shader resource view id=764 [D3D error was 80070057]
d3d11: failed to create 2D texture id=765 width=64 height=128 mips=1 dxgifmt=72 [D3D error was 8007000e]
d3d11: failed to create 2D texture shader resource view id=765 [D3D error was 80070057]
d3d11: failed to create 2D texture id=766 width=1024 height=1024 mips=11 dxgifmt=77 [D3D error was 8007000e]
d3d11: failed to create 2D texture shader resource view id=766 [D3D error was 80070057]
d3d11: failed to create 2D texture id=767 width=128 height=128 mips=8 dxgifmt=72 [D3D error was 8007000e]
d3d11: failed to create 2D texture shader resource view id=767 [D3D error was 80070057]
d3d11: failed to create 2D texture id=768 width=1024 height=1024 mips=11 dxgifmt=77 [D3D error was 8007000e]
d3d11: failed to create 2D texture shader resource view id=768 [D3D error was 80070057]
d3d11: failed to create 2D texture id=769 width=2048 height=2048 mips=12 dxgifmt=77 [D3D error was 8007000e]
d3d11: failed to create 2D texture shader resource view id=769 [D3D error was 80070057]
d3d11: failed to create 2D texture id=770 width=512 height=512 mips=10 dxgifmt=77 [D3D error was 8007000e]
d3d11: failed to create 2D texture shader resource view id=770 [D3D error was 80070057]
d3d11: failed to create 2D texture id=771 width=128 height=128 mips=8 dxgifmt=71 [D3D error was 8007000e]
d3d11: failed to create 2D texture shader resource view id=771 [D3D error was 80070057]
d3d11: failed to create 2D texture id=772 width=512 height=512 mips=10 dxgifmt=72 [D3D error was 8007000e]
d3d11: failed to create 2D texture shader resource view id=772 [D3D error was 80070057]
d3d11: failed to create 2D texture id=773 width=128 height=128 mips=1 dxgifmt=72 [D3D error was 8007000e]
d3d11: failed to create 2D texture shader resource view id=773 [D3D error was 80070057]
d3d11: failed to create 2D texture id=774 width=1024 height=1024 mips=11 dxgifmt=72 [D3D error was 8007000e]
d3d11: failed to create 2D texture shader resource view id=774 [D3D error was 80070057]
d3d11: failed to create 2D texture id=775 width=1024 height=256 mips=1 dxgifmt=72 [D3D error was 8007000e]
d3d11: failed to create 2D texture shader resource view id=775 [D3D error was 80070057]
d3d11: failed to create 2D texture id=776 width=256 height=256 mips=9 dxgifmt=78 [D3D error was 8007000e]
d3d11: failed to create 2D texture shader resource view id=776 [D3D error was 80070057]
d3d11: failed to create 2D texture id=777 width=128 height=512 mips=1 dxgifmt=72 [D3D error was 8007000e]
d3d11: failed to create 2D texture shader resource view id=777 [D3D error was 80070057]
d3d11: failed to create 2D texture id=778 width=2048 height=2048 mips=12 dxgifmt=77 [D3D error was 8007000e]
d3d11: failed to create 2D texture shader resource view id=778 [D3D error was 80070057]
d3d11: failed to create 2D texture id=779 width=2048 height=2048 mips=12 dxgifmt=77 [D3D error was 8007000e]
d3d11: failed to create 2D texture shader resource view id=779 [D3D error was 80070057]
d3d11: failed to create 2D texture id=780 width=256 height=256 mips=9 dxgifmt=72 [D3D error was 8007000e]
d3d11: failed to create 2D texture shader resource view id=780 [D3D error was 80070057]
d3d11: failed to create 2D texture id=781 width=512 height=512 mips=10 dxgifmt=72 [D3D error was 8007000e]
d3d11: failed to create 2D texture shader resource view id=781 [D3D error was 80070057]
d3d11: failed to create 2D texture id=782 width=128 height=128 mips=1 dxgifmt=72 [D3D error was 8007000e]
d3d11: failed to create 2D texture shader resource view id=782 [D3D error was 80070057]
d3d11: failed to create 2D texture id=783 width=2048 height=2048 mips=12 dxgifmt=72 [D3D error was 8007000e]
d3d11: failed to create 2D texture shader resource view id=783 [D3D error was 80070057]
d3d11: failed to create 2D texture id=784 width=512 height=512 mips=10 dxgifmt=72 [D3D error was 8007000e]
d3d11: failed to create 2D texture shader resource view id=784 [D3D error was 80070057]
d3d11: failed to create 2D texture id=785 width=1024 height=1024 mips=11 dxgifmt=77 [D3D error was 8007000e]
d3d11: failed to create 2D texture shader resource view id=785 [D3D error was 80070057]
d3d11: failed to create 2D texture id=786 width=2048 height=2048 mips=12 dxgifmt=71 [D3D error was 8007000e]
d3d11: failed to create 2D texture shader resource view id=786 [D3D error was 80070057]
d3d11: failed to create 2D texture id=787 width=64 height=128 mips=1 dxgifmt=72 [D3D error was 8007000e]
d3d11: failed to create 2D texture shader resource view id=787 [D3D error was 80070057]
d3d11: failed to create 2D texture id=788 width=128 height=128 mips=8 dxgifmt=72 [D3D error was 8007000e]
d3d11: failed to create 2D texture shader resource view id=788 [D3D error was 80070057]
d3d11: failed to create 2D texture id=789 width=64 height=128 mips=8 dxgifmt=72 [D3D error was 8007000e]
d3d11: failed to create 2D texture shader resource view id=789 [D3D error was 80070057]
d3d11: failed to create 2D texture id=790 width=2048 height=2048 mips=12 dxgifmt=72 [D3D error was 8007000e]
d3d11: failed to create 2D texture shader resource view id=790 [D3D error was 80070057]
d3d11: failed to create 2D texture id=791 width=512 height=2048 mips=12 dxgifmt=78 [D3D error was 8007000e]
d3d11: failed to create 2D texture shader resource view id=791 [D3D error was 80070057]
d3d11: failed to create 2D texture id=792 width=512 height=512 mips=10 dxgifmt=71 [D3D error was 8007000e]
d3d11: failed to create 2D texture shader resource view id=792 [D3D error was 80070057]
d3d11: failed to create 2D texture id=793 width=128 height=128 mips=1 dxgifmt=72 [D3D error was 8007000e]
d3d11: failed to create 2D texture shader resource view id=793 [D3D error was 80070057]
d3d11: failed to create 2D texture id=794 width=64 height=64 mips=1 dxgifmt=72 [D3D error was 8007000e]
d3d11: failed to create 2D texture shader resource view id=794 [D3D error was 80070057]
d3d11: failed to create 2D texture id=795 width=2048 height=2048 mips=12 dxgifmt=78 [D3D error was 8007000e]
d3d11: failed to create 2D texture shader resource view id=795 [D3D error was 80070057]
d3d11: failed to create 2D texture id=796 width=1024 height=1024 mips=11 dxgifmt=78 [D3D error was 8007000e]
d3d11: failed to create 2D texture shader resource view id=796 [D3D error was 80070057]
d3d11: failed to create 2D texture id=797 width=2048 height=1024 mips=12 dxgifmt=77 [D3D error was 8007000e]
d3d11: failed to create 2D texture shader resource view id=797 [D3D error was 80070057]
d3d11: failed to create 2D texture id=798 width=256 height=256 mips=1 dxgifmt=72 [D3D error was 8007000e]
d3d11: failed to create 2D texture shader resource view id=798 [D3D error was 80070057]
d3d11: failed to create 2D texture id=799 width=2048 height=2048 mips=12 dxgifmt=71 [D3D error was 8007000e]
d3d11: failed to create 2D texture shader resource view id=799 [D3D error was 80070057]
d3d11: failed to create 2D texture id=800 width=256 height=256 mips=1 dxgifmt=72 [D3D error was 8007000e]
d3d11: failed to create 2D texture shader resource view id=800 [D3D error was 80070057]
d3d11: failed to create 2D texture id=801 width=1024 height=1024 mips=11 dxgifmt=71 [D3D error was 8007000e]
d3d11: failed to create 2D texture shader resource view id=801 [D3D error was 80070057]
d3d11: failed to create 2D texture id=802 width=1024 height=1024 mips=11 dxgifmt=77 [D3D error was 8007000e]
d3d11: failed to create 2D texture shader resource view id=802 [D3D error was 80070057]
d3d11: failed to create 2D texture id=803 width=128 height=128 mips=1 dxgifmt=72 [D3D error was 8007000e]
d3d11: failed to create 2D texture shader resource view id=803 [D3D error was 80070057]
d3d11: failed to create 2D texture id=804 width=128 height=128 mips=8 dxgifmt=72 [D3D error was 8007000e]
d3d11: failed to create 2D texture shader resource view id=804 [D3D error was 80070057]
d3d11: failed to create 2D texture id=805 width=128 height=128 mips=8 dxgifmt=72 [D3D error was 8007000e]
d3d11: failed to create 2D texture shader resource view id=805 [D3D error was 80070057]
d3d11: failed to create 2D texture id=806 width=1024 height=1024 mips=11 dxgifmt=77 [D3D error was 8007000e]
d3d11: failed to create 2D texture shader resource view id=806 [D3D error was 80070057]
d3d11: failed to create 2D texture id=807 width=2048 height=2048 mips=12 dxgifmt=72 [D3D error was 8007000e]
d3d11: failed to create 2D texture shader resource view id=807 [D3D error was 80070057]
d3d11: failed to create 2D texture id=808 width=512 height=512 mips=10 dxgifmt=72 [D3D error was 8007000e]
d3d11: failed to create 2D texture shader resource view id=808 [D3D error was 80070057]
d3d11: failed to create 2D texture id=809 width=128 height=128 mips=8 dxgifmt=72 [D3D error was 8007000e]
d3d11: failed to create 2D texture shader resource view id=809 [D3D error was 80070057]
d3d11: failed to create 2D texture id=810 width=2048 height=1024 mips=12 dxgifmt=77 [D3D error was 8007000e]
d3d11: failed to create 2D texture shader resource view id=810 [D3D error was 80070057]
d3d11: failed to create 2D texture id=811 width=1024 height=1024 mips=11 dxgifmt=78 [D3D error was 8007000e]
d3d11: failed to create 2D texture shader resource view id=811 [D3D error was 80070057]
d3d11: failed to create 2D texture id=812 width=512 height=512 mips=10 dxgifmt=77 [D3D error was 8007000e]
d3d11: failed to create 2D texture shader resource view id=812 [D3D error was 80070057]
d3d11: failed to create 2D texture id=813 width=512 height=256 mips=10 dxgifmt=72 [D3D error was 8007000e]
d3d11: failed to create 2D texture shader resource view id=813 [D3D error was 80070057]
d3d11: failed to create 2D texture id=814 width=128 height=128 mips=1 dxgifmt=72 [D3D error was 8007000e]
d3d11: failed to create 2D texture shader resource view id=814 [D3D error was 80070057]
d3d11: failed to create 2D texture id=815 width=2048 height=1024 mips=12 dxgifmt=77 [D3D error was 8007000e]
d3d11: failed to create 2D texture shader resource view id=815 [D3D error was 80070057]
d3d11: failed to create 2D texture id=816 width=1024 height=1024 mips=11 dxgifmt=78 [D3D error was 8007000e]
d3d11: failed to create 2D texture shader resource view id=816 [D3D error was 80070057]
d3d11: failed to create 2D texture id=817 width=512 height=512 mips=10 dxgifmt=77 [D3D error was 8007000e]
d3d11: failed to create 2D texture shader resource view id=817 [D3D error was 80070057]
d3d11: failed to create 2D texture id=818 width=64 height=128 mips=1 dxgifmt=72 [D3D error was 8007000e]
d3d11: failed to create 2D texture shader resource view id=818 [D3D error was 80070057]
d3d11: failed to create 2D texture id=819 width=2048 height=2048 mips=12 dxgifmt=71 [D3D error was 8007000e]
d3d11: failed to create 2D texture shader resource view id=819 [D3D error was 80070057]
d3d11: failed to create 2D texture id=820 width=512 height=1024 mips=11 dxgifmt=71 [D3D error was 8007000e]
d3d11: failed to create 2D texture shader resource view id=820 [D3D error was 80070057]
d3d11: failed to create 2D texture id=821 width=512 height=512 mips=10 dxgifmt=72 [D3D error was 8007000e]
d3d11: failed to create 2D texture shader resource view id=821 [D3D error was 80070057]
d3d11: failed to create 2D texture id=822 width=512 height=512 mips=10 dxgifmt=78 [D3D error was 8007000e]
d3d11: failed to create 2D texture shader resource view id=822 [D3D error was 80070057]
d3d11: failed to create 2D texture id=823 width=256 height=256 mips=9 dxgifmt=72 [D3D error was 8007000e]
d3d11: failed to create 2D texture shader resource view id=823 [D3D error was 80070057]
d3d11: failed to create 2D texture id=824 width=512 height=256 mips=10 dxgifmt=72 [D3D error was 8007000e]
d3d11: failed to create 2D texture shader resource view id=824 [D3D error was 80070057]
d3d11: failed to create 2D texture id=825 width=128 height=128 mips=8 dxgifmt=72 [D3D error was 8007000e]
d3d11: failed to create 2D texture shader resource view id=825 [D3D error was 80070057]
d3d11: failed to create 2D texture id=826 width=512 height=512 mips=10 dxgifmt=78 [D3D error was 8007000e]
d3d11: failed to create 2D texture shader resource view id=826 [D3D error was 80070057]
d3d11: failed to create 2D texture id=827 width=128 height=128 mips=8 dxgifmt=78 [D3D error was 8007000e]
d3d11: failed to create 2D texture shader resource view id=827 [D3D error was 80070057]
d3d11: failed to create 2D texture id=828 width=64 height=128 mips=1 dxgifmt=72 [D3D error was 8007000e]
d3d11: failed to create 2D texture shader resource view id=828 [D3D error was 80070057]
d3d11: failed to create 2D texture id=829 width=512 height=256 mips=10 dxgifmt=72 [D3D error was 8007000e]
d3d11: failed to create 2D texture shader resource view id=829 [D3D error was 80070057]
d3d11: failed to create 2D texture id=830 width=512 height=512 mips=10 dxgifmt=72 [D3D error was 8007000e]
d3d11: failed to create 2D texture shader resource view id=830 [D3D error was 80070057]
d3d11: failed to create 2D texture id=831 width=128 height=64 mips=1 dxgifmt=72 [D3D error was 8007000e]
d3d11: failed to create 2D texture shader resource view id=831 [D3D error was 80070057]
d3d11: failed to create 2D texture id=832 width=4096 height=256 mips=13 dxgifmt=78 [D3D error was 8007000e]
d3d11: failed to create 2D texture shader resource view id=832 [D3D error was 80070057]
d3d11: failed to create 2D texture id=833 width=2048 height=1024 mips=12 dxgifmt=72 [D3D error was 8007000e]
d3d11: failed to create 2D texture shader resource view id=833 [D3D error was 80070057]
d3d11: failed to create 2D texture id=834 width=128 height=128 mips=1 dxgifmt=72 [D3D error was 8007000e]
d3d11: failed to create 2D texture shader resource view id=834 [D3D error was 80070057]
d3d11: failed to create 2D texture id=835 width=1024 height=1024 mips=11 dxgifmt=72 [D3D error was 8007000e]
d3d11: failed to create 2D texture shader resource view id=835 [D3D error was 80070057]
d3d11: failed to create 2D texture id=836 width=600 height=355 mips=10 dxgifmt=29 [D3D error was 8007000e]
d3d11: failed to create 2D texture shader resource view id=836 [D3D error was 80070057]
d3d11: failed to create 2D texture id=837 width=512 height=256 mips=10 dxgifmt=72 [D3D error was 8007000e]
d3d11: failed to create 2D texture shader resource view id=837 [D3D error was 80070057]
d3d11: failed to create 2D texture id=838 width=2048 height=1024 mips=12 dxgifmt=77 [D3D error was 8007000e]
d3d11: failed to create 2D texture shader resource view id=838 [D3D error was 80070057]
d3d11: failed to create 2D texture id=839 width=1024 height=1024 mips=11 dxgifmt=72 [D3D error was 8007000e]
d3d11: failed to create 2D texture shader resource view id=839 [D3D error was 80070057]
d3d11: failed to create 2D texture id=840 width=128 height=256 mips=1 dxgifmt=72 [D3D error was 8007000e]
d3d11: failed to create 2D texture shader resource view id=840 [D3D error was 80070057]
d3d11: failed to create 2D texture id=841 width=1024 height=1024 mips=11 dxgifmt=77 [D3D error was 8007000e]
d3d11: failed to create 2D texture shader resource view id=841 [D3D error was 80070057]
d3d11: failed to create 2D texture id=842 width=128 height=128 mips=8 dxgifmt=72 [D3D error was 8007000e]
d3d11: failed to create 2D texture shader resource view id=842 [D3D error was 80070057]
d3d11: failed to create 2D texture id=843 width=512 height=512 mips=10 dxgifmt=77 [D3D error was 8007000e]
d3d11: failed to create 2D texture shader resource view id=843 [D3D error was 80070057]
d3d11: failed to create 2D texture id=844 width=1024 height=1024 mips=11 dxgifmt=78 [D3D error was 8007000e]
d3d11: failed to create 2D texture shader resource view id=844 [D3D error was 80070057]
d3d11: failed to create 2D texture id=845 width=512 height=256 mips=1 dxgifmt=72 [D3D error was 8007000e]
d3d11: failed to create 2D texture shader resource view id=845 [D3D error was 80070057]
d3d11: failed to create 2D texture id=846 width=64 height=128 mips=8 dxgifmt=72 [D3D error was 8007000e]
d3d11: failed to create 2D texture shader resource view id=846 [D3D error was 80070057]
d3d11: failed to create 2D texture id=847 width=512 height=512 mips=10 dxgifmt=71 [D3D error was 8007000e]
d3d11: failed to create 2D texture shader resource view id=847 [D3D error was 80070057]
d3d11: failed to create 2D texture id=848 width=2048 height=2048 mips=12 dxgifmt=72 [D3D error was 8007000e]
d3d11: failed to create 2D texture shader resource view id=848 [D3D error was 80070057]
d3d11: failed to create 2D texture id=849 width=2048 height=1024 mips=12 dxgifmt=72 [D3D error was 8007000e]
d3d11: failed to create 2D texture shader resource view id=849 [D3D error was 80070057]
d3d11: failed to create 2D texture id=850 width=2048 height=1024 mips=12 dxgifmt=72 [D3D error was 8007000e]
d3d11: failed to create 2D texture shader resource view id=850 [D3D error was 80070057]
d3d11: failed to create 2D texture id=851 width=256 height=2048 mips=12 dxgifmt=72 [D3D error was 8007000e]
d3d11: failed to create 2D texture shader resource view id=851 [D3D error was 80070057]
d3d11: failed to create 2D texture id=852 width=256 height=256 mips=9 dxgifmt=78 [D3D error was 8007000e]
d3d11: failed to create 2D texture shader resource view id=852 [D3D error was 80070057]
d3d11: failed to create 2D texture id=853 width=128 height=128 mips=1 dxgifmt=72 [D3D error was 8007000e]
d3d11: failed to create 2D texture shader resource view id=853 [D3D error was 80070057]
d3d11: failed to create 2D texture id=854 width=128 height=128 mips=8 dxgifmt=72 [D3D error was 8007000e]
d3d11: failed to create 2D texture shader resource view id=854 [D3D error was 80070057]
d3d11: failed to create 2D texture id=855 width=128 height=128 mips=1 dxgifmt=72 [D3D error was 8007000e]
d3d11: failed to create 2D texture shader resource view id=855 [D3D error was 80070057]
d3d11: failed to create 2D texture id=856 width=128 height=128 mips=8 dxgifmt=78 [D3D error was 8007000e]
d3d11: failed to create 2D texture shader resource view id=856 [D3D error was 80070057]
d3d11: failed to create 2D texture id=857 width=512 height=256 mips=1 dxgifmt=72 [D3D error was 8007000e]
d3d11: failed to create 2D texture shader resource view id=857 [D3D error was 80070057]
d3d11: failed to create 2D texture id=858 width=512 height=512 mips=10 dxgifmt=72 [D3D error was 8007000e]
d3d11: failed to create 2D texture shader resource view id=858 [D3D error was 80070057]
d3d11: failed to create 2D texture id=859 width=2048 height=2048 mips=12 dxgifmt=77 [D3D error was 8007000e]
d3d11: failed to create 2D texture shader resource view id=859 [D3D error was 80070057]
d3d11: failed to create 2D texture id=860 width=512 height=512 mips=10 dxgifmt=78 [D3D error was 8007000e]
d3d11: failed to create 2D texture shader resource view id=860 [D3D error was 80070057]
d3d11: failed to create 2D texture id=861 width=1024 height=1024 mips=11 dxgifmt=72 [D3D error was 8007000e]
d3d11: failed to create 2D texture shader resource view id=861 [D3D error was 80070057]
d3d11: failed to create 2D texture id=862 width=128 height=128 mips=8 dxgifmt=72 [D3D error was 8007000e]
d3d11: failed to create 2D texture shader resource view id=862 [D3D error was 80070057]
d3d11: failed to create 2D texture id=863 width=1024 height=1024 mips=11 dxgifmt=71 [D3D error was 8007000e]
d3d11: failed to create 2D texture shader resource view id=863 [D3D error was 80070057]
d3d11: failed to create 2D texture id=864 width=512 height=256 mips=10 dxgifmt=72 [D3D error was 8007000e]
d3d11: failed to create 2D texture shader resource view id=864 [D3D error was 80070057]
d3d11: failed to create 2D texture id=865 width=128 height=128 mips=1 dxgifmt=72 [D3D error was 8007000e]
d3d11: failed to create 2D texture shader resource view id=865 [D3D error was 80070057]
d3d11: failed to create 2D texture id=866 width=512 height=512 mips=10 dxgifmt=77 [D3D error was 8007000e]
d3d11: failed to create 2D texture shader resource view id=866 [D3D error was 80070057]
d3d11: failed to create 2D texture id=867 width=128 height=2048 mips=12 dxgifmt=77 [D3D error was 8007000e]
d3d11: failed to create 2D texture shader resource view id=867 [D3D error was 80070057]
d3d11: failed to create 2D texture id=868 width=64 height=128 mips=1 dxgifmt=72 [D3D error was 8007000e]
d3d11: failed to create 2D texture shader resource view id=868 [D3D error was 80070057]
d3d11: failed to create 2D texture id=869 width=1024 height=1024 mips=11 dxgifmt=77 [D3D error was 8007000e]
d3d11: failed to create 2D texture shader resource view id=869 [D3D error was 80070057]
d3d11: failed to create 2D texture id=870 width=256 height=256 mips=9 dxgifmt=78 [D3D error was 8007000e]
d3d11: failed to create 2D texture shader resource view id=870 [D3D error was 80070057]
d3d11: failed to create 2D texture id=871 width=1024 height=1024 mips=11 dxgifmt=77 [D3D error was 8007000e]
d3d11: failed to create 2D texture shader resource view id=871 [D3D error was 80070057]
d3d11: failed to create 2D texture id=872 width=2048 height=2048 mips=12 dxgifmt=72 [D3D error was 8007000e]
d3d11: failed to create 2D texture shader resource view id=872 [D3D error was 80070057]
d3d11: failed to create 2D texture id=873 width=2048 height=2048 mips=12 dxgifmt=72 [D3D error was 8007000e]
d3d11: failed to create 2D texture shader resource view id=873 [D3D error was 80070057]
d3d11: failed to create 2D texture id=874 width=2048 height=2048 mips=12 dxgifmt=77 [D3D error was 8007000e]
d3d11: failed to create 2D texture shader resource view id=874 [D3D error was 80070057]
d3d11: failed to create 2D texture id=877 width=1024 height=1024 mips=11 dxgifmt=71 [D3D error was 8007000e]
d3d11: failed to create 2D texture shader resource view id=877 [D3D error was 80070057]
d3d11: failed to create 2D texture id=878 width=2048 height=1024 mips=12 dxgifmt=78 [D3D error was 8007000e]
d3d11: failed to create 2D texture shader resource view id=878 [D3D error was 80070057]
d3d11: failed to create 2D texture id=879 width=1024 height=1024 mips=11 dxgifmt=77 [D3D error was 8007000e]
d3d11: failed to create 2D texture shader resource view id=879 [D3D error was 80070057]
d3d11: failed to create 2D texture id=880 width=2048 height=2048 mips=12 dxgifmt=78 [D3D error was 8007000e]
d3d11: failed to create 2D texture shader resource view id=880 [D3D error was 80070057]
d3d11: failed to create 2D texture shader resource view id=882 [D3D error was 8007000e]
d3d11: failed to create 2D texture id=884 width=64 height=128 mips=1 dxgifmt=72 [D3D error was 8007000e]
d3d11: failed to create 2D texture shader resource view id=883 [D3D error was 8007000e]
d3d11: failed to create 2D texture shader resource view id=884 [D3D error was 80070057]
d3d11: failed to create 2D texture id=885 width=2048 height=2048 mips=12 dxgifmt=78 [D3D error was 8007000e]
d3d11: failed to create 2D texture shader resource view id=885 [D3D error was 80070057]
d3d11: failed to create 2D texture id=887 width=1024 height=1024 mips=11 dxgifmt=77 [D3D error was 8007000e]
d3d11: failed to create 2D texture shader resource view id=887 [D3D error was 80070057]
d3d11: failed to create 2D texture id=888 width=512 height=256 mips=10 dxgifmt=72 [D3D error was 8007000e]
d3d11: failed to create 2D texture shader resource view id=888 [D3D error was 80070057]
d3d11: failed to create 2D texture id=892 width=512 height=512 mips=10 dxgifmt=72 [D3D error was 8007000e]
d3d11: failed to create 2D texture shader resource view id=891 [D3D error was 8007000e]
d3d11: failed to create 2D texture shader resource view id=892 [D3D error was 80070057]
d3d11: failed to create 2D texture id=893 width=2048 height=1024 mips=12 dxgifmt=72 [D3D error was 8007000e]
d3d11: failed to create 2D texture shader resource view id=893 [D3D error was 80070057]
d3d11: failed to create 2D texture id=894 width=512 height=512 mips=10 dxgifmt=72 [D3D error was 8007000e]
d3d11: failed to create 2D texture shader resource view id=894 [D3D error was 80070057]
d3d11: failed to create 2D texture shader resource view id=895 [D3D error was 8007000e]
d3d11: failed to create 2D texture id=896 width=2048 height=2048 mips=12 dxgifmt=77 [D3D error was 8007000e]
d3d11: failed to create 2D texture shader resource view id=896 [D3D error was 80070057]
d3d11: failed to create 2D texture id=897 width=1024 height=512 mips=11 dxgifmt=71 [D3D error was 8007000e]
d3d11: failed to create 2D texture shader resource view id=897 [D3D error was 80070057]
d3d11: failed to create 2D texture id=898 width=1024 height=1024 mips=11 dxgifmt=77 [D3D error was 8007000e]
d3d11: failed to create 2D texture shader resource view id=898 [D3D error was 80070057]
d3d11: failed to create 2D texture shader resource view id=899 [D3D error was 8007000e]
d3d11: failed to create 2D texture id=900 width=1024 height=1024 mips=11 dxgifmt=71 [D3D error was 8007000e]
d3d11: failed to create 2D texture shader resource view id=900 [D3D error was 80070057]
d3d11: failed to create 2D texture id=901 width=256 height=256 mips=9 dxgifmt=72 [D3D error was 8007000e]
d3d11: failed to create 2D texture shader resource view id=901 [D3D error was 80070057]
d3d11: failed to create 2D texture id=903 width=512 height=512 mips=1 dxgifmt=78 [D3D error was 8007000e]
d3d11: failed to create 2D texture shader resource view id=902 [D3D error was 8007000e]
d3d11: failed to create 2D texture shader resource view id=903 [D3D error was 80070057]
d3d11: failed to create 2D texture id=904 width=1024 height=1024 mips=11 dxgifmt=78 [D3D error was 8007000e]
d3d11: failed to create 2D texture shader resource view id=904 [D3D error was 80070057]
d3d11: failed to create 2D texture id=905 width=2048 height=1024 mips=12 dxgifmt=77 [D3D error was 8007000e]
d3d11: failed to create 2D texture shader resource view id=905 [D3D error was 80070057]
d3d11: failed to create 2D texture id=906 width=2048 height=2048 mips=12 dxgifmt=71 [D3D error was 8007000e]
d3d11: failed to create 2D texture shader resource view id=906 [D3D error was 80070057]
d3d11: failed to create 2D texture id=907 width=512 height=256 mips=1 dxgifmt=72 [D3D error was 8007000e]
d3d11: failed to create 2D texture shader resource view id=907 [D3D error was 80070057]
d3d11: failed to create 2D texture id=908 width=512 height=512 mips=10 dxgifmt=78 [D3D error was 8007000e]
d3d11: failed to create 2D texture shader resource view id=908 [D3D error was 80070057]
d3d11: failed to create 2D texture id=909 width=128 height=128 mips=8 dxgifmt=71 [D3D error was 8007000e]
d3d11: failed to create 2D texture shader resource view id=909 [D3D error was 80070057]
d3d11: failed to create 2D texture id=910 width=128 height=128 mips=8 dxgifmt=72 [D3D error was 8007000e]
d3d11: failed to create 2D texture shader resource view id=910 [D3D error was 80070057]
d3d11: failed to create 2D texture id=911 width=512 height=256 mips=10 dxgifmt=72 [D3D error was 8007000e]
d3d11: failed to create 2D texture shader resource view id=911 [D3D error was 80070057]
d3d11: failed to create 2D texture id=912 width=1024 height=1024 mips=11 dxgifmt=77 [D3D error was 8007000e]
d3d11: failed to create 2D texture shader resource view id=912 [D3D error was 80070057]
d3d11: failed to create 2D texture id=913 width=1024 height=1024 mips=11 dxgifmt=78 [D3D error was 8007000e]
d3d11: failed to create 2D texture shader resource view id=913 [D3D error was 80070057]
d3d11: failed to create 2D texture id=914 width=512 height=1024 mips=11 dxgifmt=72 [D3D error was 8007000e]
d3d11: failed to create 2D texture shader resource view id=914 [D3D error was 80070057]
d3d11: failed to create 2D texture id=916 width=64 height=128 mips=8 dxgifmt=72 [D3D error was 8007000e]
d3d11: failed to create 2D texture shader resource view id=915 [D3D error was 8007000e]
d3d11: failed to create 2D texture shader resource view id=916 [D3D error was 80070057]
d3d11: failed to create 2D texture id=917 width=2048 height=2048 mips=12 dxgifmt=77 [D3D error was 8007000e]
d3d11: failed to create 2D texture shader resource view id=917 [D3D error was 80070057]
d3d11: failed to create 2D texture id=918 width=1024 height=1024 mips=11 dxgifmt=77 [D3D error was 8007000e]
d3d11: failed to create 2D texture shader resource view id=918 [D3D error was 80070057]
d3d11: failed to create 2D texture id=919 width=512 height=256 mips=10 dxgifmt=72 [D3D error was 8007000e]
d3d11: failed to create 2D texture shader resource view id=919 [D3D error was 80070057]
d3d11: failed to create 2D texture id=920 width=128 height=128 mips=8 dxgifmt=72 [D3D error was 8007000e]
d3d11: failed to create 2D texture shader resource view id=920 [D3D error was 80070057]
d3d11: failed to create 2D texture id=921 width=512 height=512 mips=10 dxgifmt=78 [D3D error was 8007000e]
d3d11: failed to create 2D texture shader resource view id=921 [D3D error was 80070057]
d3d11: failed to create 2D texture id=922 width=64 height=128 mips=8 dxgifmt=72 [D3D error was 8007000e]
d3d11: failed to create 2D texture shader resource view id=922 [D3D error was 80070057]
d3d11: failed to create 2D texture id=923 width=64 height=128 mips=1 dxgifmt=72 [D3D error was 8007000e]
d3d11: failed to create 2D texture shader resource view id=923 [D3D error was 80070057]
d3d11: failed to create 2D texture id=924 width=1024 height=1024 mips=11 dxgifmt=71 [D3D error was 8007000e]
d3d11: failed to create 2D texture shader resource view id=924 [D3D error was 80070057]
d3d11: failed to create 2D texture id=925 width=512 height=512 mips=1 dxgifmt=78 [D3D error was 8007000e]
d3d11: failed to create 2D texture shader resource view id=925 [D3D error was 80070057]
d3d11: failed to create 2D texture id=926 width=128 height=128 mips=8 dxgifmt=72 [D3D error was 8007000e]
d3d11: failed to create 2D texture shader resource view id=926 [D3D error was 80070057]
d3d11: failed to create 2D texture id=927 width=512 height=512 mips=10 dxgifmt=77 [D3D error was 8007000e]
d3d11: failed to create 2D texture shader resource view id=927 [D3D error was 80070057]
d3d11: failed to create 2D texture id=928 width=512 height=512 mips=10 dxgifmt=77 [D3D error was 8007000e]
d3d11: failed to create 2D texture shader resource view id=928 [D3D error was 80070057]
d3d11: failed to create 2D texture id=929 width=512 height=512 mips=10 dxgifmt=77 [D3D error was 8007000e]
d3d11: failed to create 2D texture shader resource view id=929 [D3D error was 80070057]
d3d11: failed to create 2D texture id=930 width=256 height=2048 mips=12 dxgifmt=77 [D3D error was 8007000e]
d3d11: failed to create 2D texture shader resource view id=930 [D3D error was 80070057]
d3d11: failed to create 2D texture id=931 width=2048 height=2048 mips=12 dxgifmt=77 [D3D error was 8007000e]
d3d11: failed to create 2D texture shader resource view id=931 [D3D error was 80070057]
d3d11: failed to create 2D texture id=932 width=512 height=512 mips=10 dxgifmt=71 [D3D error was 8007000e]
d3d11: failed to create 2D texture shader resource view id=932 [D3D error was 80070057]
d3d11: failed to create 2D texture id=933 width=64 height=128 mips=1 dxgifmt=72 [D3D error was 8007000e]
d3d11: failed to create 2D texture shader resource view id=933 [D3D error was 80070057]
d3d11: failed to create 2D texture id=934 width=128 height=128 mips=1 dxgifmt=72 [D3D error was 8007000e]
d3d11: failed to create 2D texture shader resource view id=934 [D3D error was 80070057]
d3d11: failed to create 2D texture id=935 width=64 height=128 mips=8 dxgifmt=72 [D3D error was 8007000e]
d3d11: failed to create 2D texture shader resource view id=935 [D3D error was 80070057]
d3d11: failed to create 2D texture id=936 width=512 height=512 mips=10 dxgifmt=77 [D3D error was 8007000e]
d3d11: failed to create 2D texture shader resource view id=936 [D3D error was 80070057]
d3d11: failed to create 2D texture id=937 width=512 height=256 mips=10 dxgifmt=72 [D3D error was 8007000e]
d3d11: failed to create 2D texture shader resource view id=937 [D3D error was 80070057]
d3d11: failed to create 2D texture id=938 width=2048 height=1024 mips=12 dxgifmt=71 [D3D error was 8007000e]
d3d11: failed to create 2D texture shader resource view id=938 [D3D error was 80070057]
d3d11: failed to create 2D texture id=939 width=1024 height=1024 mips=1 dxgifmt=72 [D3D error was 8007000e]
d3d11: failed to create 2D texture shader resource view id=939 [D3D error was 80070057]
d3d11: failed to create 2D texture id=940 width=512 height=256 mips=10 dxgifmt=72 [D3D error was 8007000e]
d3d11: failed to create 2D texture shader resource view id=940 [D3D error was 80070057]
d3d11: failed to create 2D texture id=941 width=512 height=512 mips=10 dxgifmt=78 [D3D error was 8007000e]
d3d11: failed to create 2D texture shader resource view id=941 [D3D error was 80070057]
d3d11: failed to create 2D texture id=942 width=128 height=512 mips=10 dxgifmt=72 [D3D error was 8007000e]
d3d11: failed to create 2D texture shader resource view id=942 [D3D error was 80070057]
d3d11: failed to create 2D texture id=943 width=64 height=64 mips=7 dxgifmt=72 [D3D error was 8007000e]
d3d11: failed to create 2D texture shader resource view id=943 [D3D error was 80070057]
d3d11: failed to create 2D texture id=944 width=1024 height=1024 mips=11 dxgifmt=72 [D3D error was 8007000e]
d3d11: failed to create 2D texture shader resource view id=944 [D3D error was 80070057]
d3d11: failed to create 2D texture id=945 width=128 height=2048 mips=12 dxgifmt=78 [D3D error was 8007000e]
d3d11: failed to create 2D texture shader resource view id=945 [D3D error was 80070057]
d3d11: failed to create 2D texture id=946 width=128 height=128 mips=8 dxgifmt=71 [D3D error was 8007000e]
d3d11: failed to create 2D texture shader resource view id=946 [D3D error was 80070057]
d3d11: failed to create 2D texture id=947 width=512 height=512 mips=10 dxgifmt=78 [D3D error was 8007000e]
d3d11: failed to create 2D texture shader resource view id=947 [D3D error was 80070057]
d3d11: failed to create 2D texture id=949 width=512 height=256 mips=1 dxgifmt=72 [D3D error was 8007000e]
d3d11: failed to create 2D texture shader resource view id=949 [D3D error was 80070057]
d3d11: failed to create 2D texture shader resource view id=950 [D3D error was 8007000e]
d3d11: failed to create 2D texture shader resource view id=951 [D3D error was 8007000e]
d3d11: failed to create 2D texture shader resource view id=953 [D3D error was 8007000e]
d3d11: failed to create 2D texture id=955 width=2048 height=1024 mips=12 dxgifmt=71 [D3D error was 8007000e]
d3d11: failed to create 2D texture shader resource view id=954 [D3D error was 8007000e]
d3d11: failed to create 2D texture shader resource view id=955 [D3D error was 80070057]
d3d11: failed to create 2D texture id=957 width=512 height=512 mips=10 dxgifmt=77 [D3D error was 8007000e]
d3d11: failed to create 2D texture shader resource view id=956 [D3D error was 8007000e]
d3d11: failed to create 2D texture shader resource view id=957 [D3D error was 80070057]
d3d11: failed to create 2D texture id=958 width=2048 height=1024 mips=12 dxgifmt=77 [D3D error was 8007000e]
d3d11: failed to create 2D texture shader resource view id=958 [D3D error was 80070057]
d3d11: failed to create 2D texture id=961 width=1024 height=2048 mips=12 dxgifmt=78 [D3D error was 8007000e]
d3d11: failed to create 2D texture shader resource view id=961 [D3D error was 80070057]
d3d11: failed to create 2D texture shader resource view id=962 [D3D error was 8007000e]
d3d11: failed to create 2D texture id=965 width=512 height=512 mips=10 dxgifmt=72 [D3D error was 8007000e]
d3d11: failed to create 2D texture id=966 width=512 height=256 mips=10 dxgifmt=72 [D3D error was 8007000e]
d3d11: failed to create 2D texture shader resource view id=964 [D3D error was 8007000e]
d3d11: failed to create 2D texture shader resource view id=965 [D3D error was 80070057]
d3d11: failed to create 2D texture shader resource view id=966 [D3D error was 80070057]
d3d11: failed to create 2D texture id=968 width=2048 height=1024 mips=12 dxgifmt=71 [D3D error was 8007000e]
d3d11: failed to create 2D texture shader resource view id=967 [D3D error was 8007000e]
d3d11: failed to create 2D texture shader resource view id=968 [D3D error was 80070057]
d3d11: failed to create 2D texture id=969 width=2048 height=2048 mips=12 dxgifmt=78 [D3D error was 8007000e]
d3d11: failed to create 2D texture shader resource view id=969 [D3D error was 80070057]
d3d11: failed to create 2D texture shader resource view id=970 [D3D error was 8007000e]
d3d11: failed to create 2D texture id=972 width=128 height=128 mips=8 dxgifmt=72 [D3D error was 8007000e]
d3d11: failed to create 2D texture shader resource view id=971 [D3D error was 8007000e]
d3d11: failed to create 2D texture shader resource view id=972 [D3D error was 80070057]
d3d11: failed to create 2D texture id=974 width=128 height=128 mips=1 dxgifmt=72 [D3D error was 8007000e]
d3d11: failed to create 2D texture shader resource view id=973 [D3D error was 8007000e]
d3d11: failed to create 2D texture shader resource view id=974 [D3D error was 80070057]
d3d11: failed to create 2D texture id=975 width=512 height=512 mips=10 dxgifmt=78 [D3D error was 8007000e]
d3d11: failed to create 2D texture shader resource view id=975 [D3D error was 80070057]
d3d11: failed to create 2D texture id=976 width=512 height=512 mips=10 dxgifmt=72 [D3D error was 8007000e]
d3d11: failed to create 2D texture shader resource view id=976 [D3D error was 80070057]
d3d11: failed to create 2D texture id=977 width=2048 height=2048 mips=12 dxgifmt=72 [D3D error was 8007000e]
d3d11: failed to create 2D texture shader resource view id=977 [D3D error was 80070057]
d3d11: failed to create 2D texture id=978 width=512 height=512 mips=10 dxgifmt=72 [D3D error was 8007000e]
d3d11: failed to create 2D texture shader resource view id=978 [D3D error was 80070057]
d3d11: failed to create 2D texture id=979 width=512 height=256 mips=10 dxgifmt=72 [D3D error was 8007000e]
d3d11: failed to create 2D texture shader resource view id=979 [D3D error was 80070057]
d3d11: failed to create 2D texture id=980 width=128 height=128 mips=1 dxgifmt=72 [D3D error was 8007000e]
d3d11: failed to create 2D texture shader resource view id=980 [D3D error was 80070057]
d3d11: failed to create 2D texture id=981 width=128 height=128 mips=1 dxgifmt=72 [D3D error was 8007000e]
d3d11: failed to create 2D texture shader resource view id=981 [D3D error was 80070057]
d3d11: failed to create 2D texture id=982 width=64 height=128 mips=8 dxgifmt=72 [D3D error was 8007000e]
d3d11: failed to create 2D texture shader resource view id=982 [D3D error was 80070057]
d3d11: failed to create 2D texture id=983 width=1024 height=1024 mips=1 dxgifmt=72 [D3D error was 8007000e]
d3d11: failed to create 2D texture shader resource view id=983 [D3D error was 80070057]
d3d11: failed to create 2D texture id=984 width=64 height=128 mips=8 dxgifmt=72 [D3D error was 8007000e]
d3d11: failed to create 2D texture shader resource view id=984 [D3D error was 80070057]
d3d11: failed to create 2D texture id=985 width=2048 height=2048 mips=12 dxgifmt=78 [D3D error was 8007000e]
d3d11: failed to create 2D texture shader resource view id=985 [D3D error was 80070057]
d3d11: failed to create 2D texture id=986 width=512 height=256 mips=10 dxgifmt=72 [D3D error was 8007000e]
d3d11: failed to create 2D texture shader resource view id=986 [D3D error was 80070057]
d3d11: failed to create 2D texture id=987 width=512 height=512 mips=10 dxgifmt=72 [D3D error was 8007000e]
d3d11: failed to create 2D texture shader resource view id=987 [D3D error was 80070057]
d3d11: failed to create 2D texture id=988 width=2048 height=1024 mips=12 dxgifmt=72 [D3D error was 8007000e]
d3d11: failed to create 2D texture shader resource view id=988 [D3D error was 80070057]
d3d11: failed to create 2D texture id=989 width=512 height=512 mips=10 dxgifmt=72 [D3D error was 8007000e]
d3d11: failed to create 2D texture shader resource view id=989 [D3D error was 80070057]
d3d11: failed to create 2D texture id=990 width=1024 height=1024 mips=11 dxgifmt=78 [D3D error was 8007000e]
d3d11: failed to create 2D texture shader resource view id=990 [D3D error was 80070057]
d3d11: failed to create 2D texture id=991 width=64 height=128 mips=8 dxgifmt=72 [D3D error was 8007000e]
d3d11: failed to create 2D texture shader resource view id=991 [D3D error was 80070057]
d3d11: failed to create 2D texture id=992 width=512 height=512 mips=10 dxgifmt=77 [D3D error was 8007000e]
d3d11: failed to create 2D texture shader resource view id=992 [D3D error was 80070057]
d3d11: failed to create 2D texture id=993 width=512 height=512 mips=10 dxgifmt=72 [D3D error was 8007000e]
d3d11: failed to create 2D texture shader resource view id=993 [D3D error was 80070057]
d3d11: failed to create 2D texture id=994 width=256 height=512 mips=10 dxgifmt=72 [D3D error was 8007000e]
d3d11: failed to create 2D texture shader resource view id=994 [D3D error was 80070057]
d3d11: failed to create 2D texture id=996 width=512 height=256 mips=10 dxgifmt=72 [D3D error was 8007000e]
d3d11: failed to create 2D texture shader resource view id=995 [D3D error was 8007000e]
d3d11: failed to create 2D texture shader resource view id=996 [D3D error was 80070057]
d3d11: failed to create 2D texture id=997 width=512 height=512 mips=10 dxgifmt=72 [D3D error was 8007000e]
d3d11: failed to create 2D texture shader resource view id=997 [D3D error was 80070057]
d3d11: failed to create 2D texture id=998 width=2048 height=2048 mips=12 dxgifmt=77 [D3D error was 8007000e]
d3d11: failed to create 2D texture shader resource view id=998 [D3D error was 80070057]
d3d11: failed to create 2D texture id=999 width=128 height=128 mips=1 dxgifmt=72 [D3D error was 8007000e]
d3d11: failed to create 2D texture shader resource view id=999 [D3D error was 80070057]
d3d11: failed to create 2D texture id=1000 width=256 height=256 mips=9 dxgifmt=72 [D3D error was 8007000e]
d3d11: failed to create 2D texture shader resource view id=1000 [D3D error was 80070057]
d3d11: failed to create 2D texture id=1001 width=512 height=512 mips=10 dxgifmt=77 [D3D error was 8007000e]
d3d11: failed to create 2D texture shader resource view id=1001 [D3D error was 80070057]
d3d11: failed to create 2D texture id=1002 width=256 height=256 mips=9 dxgifmt=72 [D3D error was 8007000e]
d3d11: failed to create 2D texture shader resource view id=1002 [D3D error was 80070057]
d3d11: failed to create 2D texture id=1003 width=128 height=128 mips=1 dxgifmt=72 [D3D error was 8007000e]
d3d11: failed to create 2D texture shader resource view id=1003 [D3D error was 80070057]
d3d11: failed to create 2D texture id=1004 width=256 height=256 mips=9 dxgifmt=72 [D3D error was 8007000e]
d3d11: failed to create 2D texture shader resource view id=1004 [D3D error was 80070057]
d3d11: failed to create 2D texture id=1005 width=128 height=128 mips=8 dxgifmt=72 [D3D error was 8007000e]
d3d11: failed to create 2D texture shader resource view id=1005 [D3D error was 80070057]
d3d11: failed to create 2D texture id=1006 width=512 height=256 mips=10 dxgifmt=72 [D3D error was 8007000e]
d3d11: failed to create 2D texture shader resource view id=1006 [D3D error was 80070057]
d3d11: failed to create 2D texture id=1007 width=256 height=256 mips=1 dxgifmt=72 [D3D error was 8007000e]
d3d11: failed to create 2D texture shader resource view id=1007 [D3D error was 80070057]
d3d11: failed to create 2D texture id=1008 width=128 height=128 mips=1 dxgifmt=72 [D3D error was 8007000e]
d3d11: failed to create 2D texture shader resource view id=1008 [D3D error was 80070057]
d3d11: failed to create 2D texture id=1009 width=128 height=64 mips=8 dxgifmt=72 [D3D error was 8007000e]
d3d11: failed to create 2D texture shader resource view id=1009 [D3D error was 80070057]
d3d11: failed to create 2D texture id=1010 width=2048 height=2048 mips=12 dxgifmt=77 [D3D error was 8007000e]
d3d11: failed to create 2D texture shader resource view id=1010 [D3D error was 80070057]
d3d11: failed to create 2D texture id=1011 width=128 height=128 mips=1 dxgifmt=72 [D3D error was 8007000e]
d3d11: failed to create 2D texture shader resource view id=1011 [D3D error was 80070057]
d3d11: failed to create 2D texture id=1012 width=512 height=512 mips=10 dxgifmt=72 [D3D error was 8007000e]
d3d11: failed to create 2D texture shader resource view id=1012 [D3D error was 80070057]
d3d11: failed to create 2D texture id=1013 width=128 height=128 mips=8 dxgifmt=72 [D3D error was 8007000e]
d3d11: failed to create 2D texture shader resource view id=1013 [D3D error was 80070057]
d3d11: failed to create 2D texture id=1014 width=64 height=128 mips=1 dxgifmt=72 [D3D error was 8007000e]
d3d11: failed to create 2D texture shader resource view id=1014 [D3D error was 80070057]
d3d11: failed to create 2D texture id=1015 width=2048 height=2048 mips=12 dxgifmt=72 [D3D error was 8007000e]
d3d11: failed to create 2D texture shader resource view id=1015 [D3D error was 80070057]
d3d11: failed to create 2D texture id=1016 width=1024 height=1024 mips=11 dxgifmt=72 [D3D error was 8007000e]
d3d11: failed to create 2D texture shader resource view id=1016 [D3D error was 80070057]
d3d11: failed to create 2D texture id=1017 width=512 height=2048 mips=12 dxgifmt=71 [D3D error was 8007000e]
d3d11: failed to create 2D texture shader resource view id=1017 [D3D error was 80070057]
d3d11: failed to create 2D texture id=1018 width=512 height=256 mips=10 dxgifmt=72 [D3D error was 8007000e]
d3d11: failed to create 2D texture shader resource view id=1018 [D3D error was 80070057]
d3d11: failed to create 2D texture id=1019 width=512 height=512 mips=10 dxgifmt=77 [D3D error was 8007000e]
d3d11: failed to create 2D texture shader resource view id=1019 [D3D error was 80070057]
d3d11: failed to create 2D texture id=1020 width=128 height=128 mips=1 dxgifmt=72 [D3D error was 8007000e]
d3d11: failed to create 2D texture shader resource view id=1020 [D3D error was 80070057]
d3d11: failed to create 2D texture shader resource view id=1021 [D3D error was 8007000e]
d3d11: failed to create 2D texture id=1022 width=128 height=64 mips=8 dxgifmt=72 [D3D error was 8007000e]
d3d11: failed to create 2D texture shader resource view id=1022 [D3D error was 80070057]
d3d11: failed to create 2D texture id=1023 width=128 height=128 mips=8 dxgifmt=72 [D3D error was 8007000e]
d3d11: failed to create 2D texture shader resource view id=1023 [D3D error was 80070057]
d3d11: failed to create 2D texture id=1024 width=512 height=512 mips=10 dxgifmt=78 [D3D error was 8007000e]
d3d11: failed to create 2D texture shader resource view id=1024 [D3D error was 80070057]
d3d11: failed to create 2D texture id=1025 width=2048 height=2048 mips=12 dxgifmt=71 [D3D error was 8007000e]
d3d11: failed to create 2D texture shader resource view id=1025 [D3D error was 80070057]
d3d11: failed to create 2D texture id=1026 width=2048 height=2048 mips=12 dxgifmt=77 [D3D error was 8007000e]
d3d11: failed to create 2D texture shader resource view id=1026 [D3D error was 80070057]
d3d11: failed to create 2D texture id=1027 width=1024 height=1024 mips=11 dxgifmt=78 [D3D error was 8007000e]
d3d11: failed to create 2D texture shader resource view id=1027 [D3D error was 80070057]
d3d11: failed to create 2D texture id=1028 width=512 height=256 mips=10 dxgifmt=72 [D3D error was 8007000e]
d3d11: failed to create 2D texture shader resource view id=1028 [D3D error was 80070057]
d3d11: failed to create 2D texture id=1029 width=128 height=64 mips=1 dxgifmt=72 [D3D error was 8007000e]
d3d11: failed to create 2D texture shader resource view id=1029 [D3D error was 80070057]
d3d11: failed to create 2D texture id=1030 width=1024 height=1024 mips=11 dxgifmt=72 [D3D error was 8007000e]
d3d11: failed to create 2D texture shader resource view id=1030 [D3D error was 80070057]
d3d11: failed to create 2D texture id=1031 width=2048 height=2048 mips=12 dxgifmt=72 [D3D error was 8007000e]
d3d11: failed to create 2D texture shader resource view id=1031 [D3D error was 80070057]
d3d11: failed to create 2D texture id=1032 width=512 height=512 mips=10 dxgifmt=72 [D3D error was 8007000e]
d3d11: failed to create 2D texture shader resource view id=1032 [D3D error was 80070057]
d3d11: failed to create 2D texture id=1033 width=128 height=64 mips=1 dxgifmt=72 [D3D error was 8007000e]
d3d11: failed to create 2D texture shader resource view id=1033 [D3D error was 80070057]
d3d11: failed to create 2D texture id=1034 width=512 height=256 mips=10 dxgifmt=72 [D3D error was 8007000e]
d3d11: failed to create 2D texture shader resource view id=1034 [D3D error was 80070057]
d3d11: failed to create 2D texture id=1035 width=512 height=512 mips=10 dxgifmt=72 [D3D error was 8007000e]
d3d11: failed to create 2D texture shader resource view id=1035 [D3D error was 80070057]
d3d11: failed to create 2D texture id=1036 width=1024 height=1024 mips=11 dxgifmt=78 [D3D error was 8007000e]
d3d11: failed to create 2D texture shader resource view id=1036 [D3D error was 80070057]
d3d11: failed to create 2D texture id=1037 width=128 height=64 mips=8 dxgifmt=72 [D3D error was 8007000e]
d3d11: failed to create 2D texture shader resource view id=1037 [D3D error was 80070057]
d3d11: failed to create 2D texture id=1038 width=128 height=128 mips=1 dxgifmt=72 [D3D error was 8007000e]
d3d11: failed to create 2D texture shader resource view id=1038 [D3D error was 80070057]
d3d11: failed to create 2D texture id=1039 width=512 height=1024 mips=11 dxgifmt=77 [D3D error was 8007000e]
d3d11: failed to create 2D texture shader resource view id=1039 [D3D error was 80070057]
d3d11: failed to create 2D texture shader resource view id=1040 [D3D error was 8007000e]
d3d11: failed to create 2D texture id=1041 width=64 height=128 mips=8 dxgifmt=72 [D3D error was 8007000e]
d3d11: failed to create 2D texture shader resource view id=1041 [D3D error was 80070057]
d3d11: failed to create 2D texture id=1042 width=1024 height=1024 mips=11 dxgifmt=77 [D3D error was 8007000e]
d3d11: failed to create 2D texture shader resource view id=1042 [D3D error was 80070057]
d3d11: failed to create 2D texture shader resource view id=1043 [D3D error was 8007000e]
d3d11: failed to create 2D texture id=1045 width=2048 height=2048 mips=12 dxgifmt=71 [D3D error was 8007000e]
d3d11: failed to create 2D texture shader resource view id=1044 [D3D error was 8007000e]
d3d11: failed to create 2D texture shader resource view id=1045 [D3D error was 80070057]
d3d11: failed to create 2D texture id=1046 width=256 height=256 mips=9 dxgifmt=77 [D3D error was 8007000e]
d3d11: failed to create 2D texture shader resource view id=1046 [D3D error was 80070057]
d3d11: failed to create 2D texture id=1048 width=512 height=512 mips=10 dxgifmt=78 [D3D error was 8007000e]
d3d11: failed to create 2D texture shader resource view id=1048 [D3D error was 80070057]
d3d11: failed to create 2D texture id=1049 width=64 height=128 mips=1 dxgifmt=72 [D3D error was 8007000e]
d3d11: failed to create 2D texture shader resource view id=1049 [D3D error was 80070057]
d3d11: failed to create 2D texture id=1050 width=128 height=64 mips=8 dxgifmt=72 [D3D error was 8007000e]
d3d11: failed to create 2D texture shader resource view id=1050 [D3D error was 80070057]
d3d11: failed to create 2D texture id=1051 width=2048 height=1024 mips=12 dxgifmt=77 [D3D error was 8007000e]
d3d11: failed to create 2D texture shader resource view id=1051 [D3D error was 80070057]
d3d11: failed to create 2D texture id=1052 width=512 height=512 mips=10 dxgifmt=72 [D3D error was 8007000e]
d3d11: failed to create 2D texture shader resource view id=1052 [D3D error was 80070057]
d3d11: failed to create 2D texture id=1053 width=128 height=256 mips=1 dxgifmt=72 [D3D error was 8007000e]
d3d11: failed to create 2D texture shader resource view id=1053 [D3D error was 80070057]
d3d11: failed to create 2D texture id=1054 width=1024 height=1024 mips=11 dxgifmt=72 [D3D error was 8007000e]
d3d11: failed to create 2D texture shader resource view id=1054 [D3D error was 80070057]
d3d11: failed to create 2D texture id=1055 width=512 height=512 mips=10 dxgifmt=72 [D3D error was 8007000e]
d3d11: failed to create 2D texture shader resource view id=1055 [D3D error was 80070057]
d3d11: failed to create 2D texture id=1056 width=64 height=128 mips=1 dxgifmt=72 [D3D error was 8007000e]
d3d11: failed to create 2D texture shader resource view id=1056 [D3D error was 80070057]
d3d11: failed to create 2D texture id=1057 width=2048 height=1024 mips=12 dxgifmt=71 [D3D error was 8007000e]
d3d11: failed to create 2D texture shader resource view id=1057 [D3D error was 80070057]
d3d11: failed to create 2D texture id=1058 width=1024 height=1024 mips=11 dxgifmt=72 [D3D error was 8007000e]
d3d11: failed to create 2D texture shader resource view id=1058 [D3D error was 80070057]
d3d11: failed to create 2D texture id=1059 width=2048 height=1024 mips=12 dxgifmt=72 [D3D error was 8007000e]
d3d11: failed to create 2D texture shader resource view id=1059 [D3D error was 80070057]
d3d11: failed to create 2D texture id=1047 width=2048 height=2048 mips=12 dxgifmt=72 [D3D error was 8007000e]
d3d11: failed to create 2D texture shader resource view id=1047 [D3D error was 80070057]
d3d11: failed to create buffer (target 0x1 mode 0 size 22680) [0x8007000E]
d3d11: failed to create 2D texture shader resource view id=1060 [D3D error was 8007000e]
Crash!!!
SymInit: Symbol-SearchPath: '.;C:\Games\Nuclear.Option.v0.33.4\game;C:/Games/Nuclear.Option.v0.33.4/game/NuclearOption_Data/Plugins\x86_64;C:/Games/Nuclear.Option.v0.33.4/game/NuclearOption_Data/Plugins;C:\Games\Nuclear.Option.v0.33.4\game;C:\WINDOWS;C:\WINDOWS\system32;', symOptions: 534, UserName: 'Admin'
OS-Version: 10.0.0
C:\Games\Nuclear.Option.v0.33.4\game\NuclearOption.exe:NuclearOption.exe (00007FF79FAC0000), size: 688128 (result: 0), SymType: '-deferred-', PDB: '', fileVersion: 2022.3.62.28864
C:\WINDOWS\SYSTEM32\ntdll.dll:ntdll.dll (00007FFC26840000), size: 2519040 (result: 0), SymType: '-deferred-', PDB: '', fileVersion: 10.0.26100.9444
C:\WINDOWS\System32\KERNEL32.DLL:KERNEL32.DLL (00007FFC24700000), size: 831488 (result: 0), SymType: '-deferred-', PDB: '', fileVersion: 10.0.26100.9444
C:\WINDOWS\System32\KERNELBASE.dll:KERNELBASE.dll (00007FFC23A40000), size: 4202496 (result: 0), SymType: '-deferred-', PDB: '', fileVersion: 10.0.26100.9444
C:\Games\Nuclear.Option.v0.33.4\game\UnityPlayer.dll:UnityPlayer.dll (00007FFB00880000), size: 31965184 (result: 0), SymType: '-deferred-', PDB: '', fileVersion: 2022.3.62.28864
C:\WINDOWS\System32\USER32.dll:USER32.dll (00007FFC24D80000), size: 1896448 (result: 0), SymType: '-deferred-', PDB: '', fileVersion: 10.0.26100.9444
C:\WINDOWS\System32\win32u.dll:win32u.dll (00007FFC23E50000), size: 159744 (result: 0), SymType: '-deferred-', PDB: '', fileVersion: 10.0.26100.9444
C:\WINDOWS\System32\GDI32.dll:GDI32.dll (00007FFC25B80000), size: 176128 (result: 0), SymType: '-deferred-', PDB: '', fileVersion: 10.0.26100.8328
C:\WINDOWS\System32\gdi32full.dll:gdi32full.dll (00007FFC23FE0000), size: 1216512 (result: 0), SymType: '-deferred-', PDB: '', fileVersion: 10.0.26100.9444
C:\WINDOWS\System32\msvcp_win.dll:msvcp_win.dll (00007FFC24420000), size: 667648 (result: 0), SymType: '-deferred-', PDB: '', fileVersion: 10.0.26100.9444
C:\WINDOWS\System32\ucrtbase.dll:ucrtbase.dll (00007FFC23E80000), size: 1359872 (result: 0), SymType: '-deferred-', PDB: '', fileVersion: 10.0.26100.9444
C:\WINDOWS\System32\ole32.dll:ole32.dll (00007FFC24560000), size: 1679360 (result: 0), SymType: '-deferred-', PDB: '', fileVersion: 10.0.26100.9444

========== OUTPUTTING STACK TRACE ==================

SymInit: Symbol-SearchPath: '.;C:\Games\Nuclear.Option.v0.33.4\game;C:/Games/Nuclear.Option.v0.33.4/game/NuclearOption_Data/Plugins\x86_64;C:/Games/Nuclear.Option.v0.33.4/game/NuclearOption_Data/Plugins;C:\Games\Nuclear.Option.v0.33.4\game;C:\WINDOWS;C:\WINDOWS\system32;', symOptions: 534, UserName: 'Admin'
OS-Version: 10.0.0
  ERROR: SymGetSymFromAddr64, GetLastError: 'Attempt to access invalid address.' (Address: 00007FFB00BD9AD0)
0x00007FFB00BD9AD0 (UnityPlayer) (function-name not available)
  ERROR: SymGetSymFromAddr64, GetLastError: 'Attempt to access invalid address.' (Address: 00007FFB00BD9EDA)
0x00007FFB00BD9EDA (UnityPlayer) (function-name not available)
  ERROR: SymGetSymFromAddr64, GetLastError: 'Attempt to access invalid address.' (Address: 00007FFB00BE1601)
0x00007FFB00BE1601 (UnityPlayer) (function-name not available)
  ERROR: SymGetSymFromAddr64, GetLastError: 'Attempt to access invalid address.' (Address: 00007FFB00BDD90A)
0x00007FFB00BDD90A (UnityPlayer) (function-name not available)
  ERROR: SymGetSymFromAddr64, GetLastError: 'Attempt to access invalid address.' (Address: 00007FFB00DDC1CE)
0x00007FFB00DDC1CE (UnityPlayer) (function-name not available)
  ERROR: SymGetSymFromAddr64, GetLastError: 'Attempt to access invalid address.' (Address: 00007FFB00DDB09D)
0x00007FFB00DDB09D (UnityPlayer) (function-name not available)
  ERROR: SymGetSymFromAddr64, GetLastError: 'Attempt to access invalid address.' (Address: 00007FFB01930C8A)
0x00007FFB01930C8A (UnityPlayer) (function-name not available)
  ERROR: SymGetSymFromAddr64, GetLastError: 'Attempt to access invalid address.' (Address: 00007FFB01931417)
0x00007FFB01931417 (UnityPlayer) (function-name not available)
  ERROR: SymGetSymFromAddr64, GetLastError: 'Attempt to access invalid address.' (Address: 00007FFB019310AC)
0x00007FFB019310AC (UnityPlayer) (function-name not available)
  ERROR: SymGetSymFromAddr64, GetLastError: 'Attempt to access invalid address.' (Address: 00007FFB0107DD1F)
0x00007FFB0107DD1F (UnityPlayer) (function-name not available)
  ERROR: SymGetSymFromAddr64, GetLastError: 'Attempt to access invalid address.' (Address: 00007FFB0106BB1B)
0x00007FFB0106BB1B (UnityPlayer) (function-name not available)
  ERROR: SymGetSymFromAddr64, GetLastError: 'Attempt to access invalid address.' (Address: 00007FFB0106C187)
0x00007FFB0106C187 (UnityPlayer) (function-name not available)
  ERROR: SymGetSymFromAddr64, GetLastError: 'Attempt to access invalid address.' (Address: 00007FFB00BF2300)
0x00007FFB00BF2300 (UnityPlayer) (function-name not available)
  ERROR: SymGetSymFromAddr64, GetLastError: 'Attempt to access invalid address.' (Address: 00007FFB00F8031E)
0x00007FFB00F8031E (UnityPlayer) (function-name not available)
  ERROR: SymGetSymFromAddr64, GetLastError: 'Attempt to access invalid address.' (Address: 00007FFB00976FD9)
0x00007FFB00976FD9 (UnityPlayer) (function-name not available)
0x00000166E005EFD5 (Mono JIT Code) (wrapper managed-to-native) UnityEngine.ResourcesAPIInternal:LoadAll (string,System.Type)
0x00000166E005ED2B (Mono JIT Code) UnityEngine.ResourcesAPI:LoadAll (string,System.Type)
0x00000166E005ECDA (Mono JIT Code) UnityEngine.Resources:LoadAll (string,System.Type)
0x00000166E005EBEB (Mono JIT Code) UnityEngine.Resources:LoadAll<T_REF> (string)
0x00000166E005E633 (Mono JIT Code) NuclearOption.SavedMission.MissionGroup/ResourceGroup:.ctor (string,string)
0x00000166E005DE2B (Mono JIT Code) NuclearOption.SavedMission.MissionGroup/Fields:.ctor ()
0x00000166E005D9B3 (Mono JIT Code) NuclearOption.SavedMission.MissionGroup:Init ()
0x00000166E005C5AB (Mono JIT Code) NuclearOption.SavedMission.MissionSaveLoad:ConvertMissionToFolders ()
0x00000166DF07C403 (Mono JIT Code) MainMenu/<StartAsync>d__29:MoveNext ()
0x00000166DF07B773 (Mono JIT Code) Cysharp.Threading.Tasks.CompilerServices.AsyncUniTaskVoidMethodBuilder:Start<MainMenu/<StartAsync>d__29> (MainMenu/<StartAsync>d__29&)
0x00000166DF07B6FB (Mono JIT Code) MainMenu:StartAsync ()
0x00000166DF07B623 (Mono JIT Code) MainMenu:Start ()
0x00000166BDA36598 (Mono JIT Code) (wrapper runtime-invoke) object:runtime_invoke_void__this__ (object,intptr,intptr,intptr)
  ERROR: SymGetSymFromAddr64, GetLastError: 'The specified module could not be found.' (Address: 00007FFB0FE14B7E)
  ERROR: SymGetModuleInfo64, GetLastError: 'A dynamic link library (DLL) initialization routine failed.' (Address: 00007FFB0FE14B7E)
0x00007FFB0FE14B7E ((<unknown>)) (function-name not available)
  ERROR: SymGetSymFromAddr64, GetLastError: 'The specified module could not be found.' (Address: 00007FFB0FD4D204)
  ERROR: SymGetModuleInfo64, GetLastError: 'A dynamic link library (DLL) initialization routine failed.' (Address: 00007FFB0FD4D204)
0x00007FFB0FD4D204 ((<unknown>)) (function-name not available)
  ERROR: SymGetSymFromAddr64, GetLastError: 'The specified module could not be found.' (Address: 00007FFB0FD4D37C)
  ERROR: SymGetModuleInfo64, GetLastError: 'A dynamic link library (DLL) initialization routine failed.' (Address: 00007FFB0FD4D37C)
0x00007FFB0FD4D37C ((<unknown>)) (function-name not available)
  ERROR: SymGetSymFromAddr64, GetLastError: 'Attempt to access invalid address.' (Address: 00007FFB010121BA)
0x00007FFB010121BA (UnityPlayer) (function-name not available)
  ERROR: SymGetSymFromAddr64, GetLastError: 'Attempt to access invalid address.' (Address: 00007FFB01000E2B)
0x00007FFB01000E2B (UnityPlayer) (function-name not available)
  ERROR: SymGetSymFromAddr64, GetLastError: 'Attempt to access invalid address.' (Address: 00007FFB01001686)
0x00007FFB01001686 (UnityPlayer) (function-name not available)
  ERROR: SymGetSymFromAddr64, GetLastError: 'Attempt to access invalid address.' (Address: 00007FFB0100281A)
0x00007FFB0100281A (UnityPlayer) (function-name not available)
  ERROR: SymGetSymFromAddr64, GetLastError: 'Attempt to access invalid address.' (Address: 00007FFB00CCBE0D)
0x00007FFB00CCBE0D (UnityPlayer) (function-name not available)
  ERROR: SymGetSymFromAddr64, GetLastError: 'Attempt to access invalid address.' (Address: 00007FFB00E3F778)
0x00007FFB00E3F778 (UnityPlayer) (function-name not available)
  ERROR: SymGetSymFromAddr64, GetLastError: 'Attempt to access invalid address.' (Address: 00007FFB00E3F964)
0x00007FFB00E3F964 (UnityPlayer) (function-name not available)
  ERROR: SymGetSymFromAddr64, GetLastError: 'Attempt to access invalid address.' (Address: 00007FFB00E3FE82)
0x00007FFB00E3FE82 (UnityPlayer) (function-name not available)
  ERROR: SymGetSymFromAddr64, GetLastError: 'Attempt to access invalid address.' (Address: 00007FFB010933DB)
0x00007FFB010933DB (UnityPlayer) (function-name not available)
  ERROR: SymGetSymFromAddr64, GetLastError: 'Attempt to access invalid address.' (Address: 00007FFB01095DAB)
0x00007FFB01095DAB (UnityPlayer) (function-name not available)
  ERROR: SymGetSymFromAddr64, GetLastError: 'Attempt to access invalid address.' (Address: 00007FFB01098F91)
0x00007FFB01098F91 (UnityPlayer) (function-name not available)
  ERROR: SymGetSymFromAddr64, GetLastError: 'Attempt to access invalid address.' (Address: 00007FFB010993AB)
0x00007FFB010993AB (UnityPlayer) (function-name not available)
  ERROR: SymGetSymFromAddr64, GetLastError: 'Attempt to access invalid address.' (Address: 00007FF79FAC11F6)
0x00007FF79FAC11F6 (NuclearOption) (function-name not available)
  ERROR: SymGetSymFromAddr64, GetLastError: 'Attempt to access invalid address.' (Address: 00007FFC2472CD87)
0x00007FFC2472CD87 (KERNEL32) (function-name not available)
  ERROR: SymGetSymFromAddr64, GetLastError: 'Attempt to access invalid address.' (Address: 00007FFC268ECAEC)
0x00007FFC268ECAEC (ntdll) (function-name not available)

========== END OF STACKTRACE ===========

A crash has been intercepted by the crash handler. For call stack and other details, see the latest crash report generated in:
 * C:/Users/Admin/AppData/Local/Temp/Shockfront/NuclearOption/Crashes
